現地コード,銘柄名(English),銘柄名,市場,業種,取扱
A,"AGILENT TECHNOLOGIES, INC.",アジレント・テクノロジー,NYSE,その他製造,○
AA,ALCOA INC.,アルコア,NYSE,鉄鋼・鉱業,○
AAL,AMERICAN AIRLINES GROUP INC.,アメリカン・エアーラインズ・グループ,NASDAQ,運輸,○
AAP,ADVANCE AUTO PARTS INC,アドバンス・オート・パーツ,NYSE,自動車・自動車関連,○
AAPL,APPLE INC.,アップル,NASDAQ,コンピュータ関連,○
ABB,ABB LTD-ADR,ＡＢＢ,NYSE,電機・電力・エネルギー,○
ABBV,ABBVIE INC,アッヴィ,NYSE,医薬品,○
ABC,AMERISOURCEBERGEN CORPORATION,アメリソース・バーゲン,NYSE,医療・医療サービス,○
ABEV,AMBEV SA ADR,アンベブ,NYSE,食品・飲料,○
ABT,ABBOTT LABORATORIES,アボットラボラトリーズ,NYSE,医薬品,○
ABX,BARRICK GOLD CORPORATION,バリック・ゴールド,NYSE,鉄鋼・鉱業,○
ACCO,ACCO BRANDS CORP,エッコー・ブランズ,NYSE,小売,○
ACGL,ARCH CAPITAL GROUP LTD.,アーチ・キャピタル・グループ,NASDAQ,金融（保険）,○
ACIW,ACI WORLDWIDE INC,ＡＣＩワールドワイド,NASDAQ,ソフトウェア・ソフトウェアサービス,○
ACN,ACCENTURE PLC-A,アクセンチュア,NYSE,ソフトウェア・ソフトウェアサービス,○
ACTG,ACACIA RESEARCH CORP,アカシア・リサーチ,NASDAQ,サービス,○
ACWI,iShares MSCI ACWI ETF,iシェアーズ MSCI ACWI ETF,NASDAQ,その他,○
ACXM,ACXIOM CORP,アクシオム,NASDAQ,インターネットサービス,○
ADBE,ADOBE SYSTEMS INCORPORATED,アドビ　システムズ,NASDAQ,ソフトウェア・ソフトウェアサービス,○
ADI,"ANALOG DEVICES, INC.",アナログ・デバイセズ,NASDAQ,半導体関連,○
ADM,ARCHER-DANIELS-MIDLAND COMPANY,アーチャー・ダニエルズ・ミッドランド,NYSE,食品・飲料,○
ADNT,Adient Ltd,アディエント,NYSE,その他製造,○
ADP,"AUTOMATIC DATA PROCESSING, INC.",オートマチック・データ・プロセッシング (ADP),NASDAQ,情報処理サービス,○
ADS,ALLIANCE DATA SYSTEMS CORP,アライアンス・データ・システムズ,NYSE,情報処理サービス,○
ADSK,AUTODESK INC,オートデスク,NASDAQ,ソフトウェア・ソフトウェアサービス,○
AEE,AMEREN CORPORATION,アメレン,NYSE,電機・電力・エネルギー,○
AEG,AEGON N.V.,エイゴン,NYSE,金融（保険）,○
AEIS,ADVANCED ENERGY INDUSTRIES INC,アドバンストエナジーインダストリーズ,NASDAQ,電機・電力・エネルギー,○
AEM,AGNICO-EAGLE MIN,アグニコ・イーグル・マインズ,NYSE,鉄鋼・鉱業,○
AEO,"AMERICAN EAGLE OUTFITTERS, INC",アメリカン・イーグル・アウトフィッターズ,NYSE,その他,○
AEP,"AMERICAN ELECTRIC POWER COMPANY, INC.",アメリカン・エレクトリック・パワー,NYSE,電機・電力・エネルギー,○
AES,THE AES CORPORATION,ＡＥＳ,NYSE,電機・電力・エネルギー,○
AET,AETNA INC,エトナ,NYSE,金融（保険）,○
AFG,AMERICAN FINANCIAL GROUP INC,アメリカン・ファイナンシャル・グループ,NYSE,サービス,○
AFI,ARMSTRONG FLOORING INC,アームストロング・フローリング,NYSE,その他製造,○
AFK,VanEck Vectors Africa Index ETF,ヴァンエック・ベクトル・アフリカ・インデックスETF,NYSE Arca,その他,○
AFL,AFLAC INCORPORATED,アフラック,NYSE,金融（保険）,○
AFSI,AMTRUST FINANCIAL SERVICES,アムトラスト・ファイナンシャル・サービシズ,NASDAQ,金融（保険）,○
AGG,ISHARES CORE US AGGREGATE BOND ETF,iシェアーズ コア米国総合債券ETF,NYSE Arca,その他,○
AGGY,WISDOMTREE BARCLAYS YIELD ENHANCED U.S. AGGREGATE BOND FUND,ウィズダムツリー 米国債券ファンド（利回り強化型）,NYSE,その他,○
AGN,ALLERGAN PLC,アラガン,NYSE,医薬品,○
AGR,AVANGRID　INC,アヴァングリッド,NYSE,電機・電力・エネルギー,○
AIG,"AMERICAN INTERNATIONAL GROUP, INC.",ＡＩＧ,NYSE,金融（保険）,○
AJG,ARTHUR J GALLAGHER & CO,アーサーＪ．ギャラガー,NYSE,金融（保険）,○
AKAM,"AKAMAI TECHNOLOGIES, INC.",アカマイ・テクノロジーズ,NASDAQ,ネットワーク・ネットワークセキュリティ,○
AKRX,AKORN INC,エイコーン,NASDAQ,医薬品,○
AKS,AK STEEL HOLDING CORPORATION,ＡＫスチール・ホールディング,NYSE,鉄鋼・鉱業,○
AL,AIR LEASE CORP,エア・リース・コーポレーション,NYSE,航空機・宇宙,○
ALB,ALBEMARLE,アルべマール,NYSE,化学,○
ALGN,ALIGN TECHNOLOGY INC,アライン・テクノロジー,NASDAQ,医療・医療サービス,○
ALK,ALASKA AIR GROUP INC,アラスカ・エア・グループ,NYSE,航空,○
ALKS,ALKERMES INC,アルカームス,NASDAQ,医薬品,○
ALL,ALLSTATE CORP,オールステート,NYSE,金融（証券）,○
ALLY,ALLY FINANCIAL INC.,アライ・ファイナンシャル,NYSE,金融（銀行）,○
ALNY,"ALNYLAM PHARMACEUTICALS, INC.",アルナイラム・ファーマシューティカルズ,NASDAQ,医薬品（バイオテクノロジー）,○
ALXN,ALEXION PHARMACEUTICALS INC,アレクション・ファーマシューティカルズ,NASDAQ,バイオ,○
AMAT,"APPLIED MATERIALS, INC.",アプライド　マテリアルズ,NASDAQ,半導体関連,○
AMBA,"AMBARELLA, INC.",アンバレラ,NASDAQ,半導体関連,○
AMD,"ADVANCED MICRO DEVICES, INC.",アドバンスト・マイクロ・デバイス(AMD),NASDAQ,半導体関連,○
AME,AMETEK INC,アメテック,NYSE,その他製造,○
AMG,AFFILIATED MANAGERS GROUP,アフィリエーテッド・マネジャーズ・グループ,NYSE,金融（その他）,○
AMGN,AMGEN INC.,アムジェン,NASDAQ,医薬品,○
AMKR,"AMKOR TECHNOLOGY, INC.",アムコー・テクノロジー,NASDAQ,半導体関連,○
AMP,"AMERIPRISE FINANCIAL, INC.",アメリプライズ・ファイナンシャル,NYSE,金融（証券）,○
AMTD,TD AMERITRADE HOLDING,ＴＤアメリトレード・ホールディング,NASDAQ,金融（証券）,○
AMX,AMERICA MO-ADR L,アメリカ・モービル（ＡＤＲ　Ｓｒ．Ｌ）,NYSE,通信関連,○
AMZN,"AMAZON.COM, INC.",アマゾン・ドット・コム,NASDAQ,小売,○
ANDE,"THE ANDERSONS, INC.",アンダーソンズ,NASDAQ,食品・飲料,○
ANDV,ANDEAVOR,アンデバー,NYSE,石油・ガス・パイプライン,○
ANET,"ARISTA NETWORKS, INC",アリスタ・ネットワークス,NYSE,ネットワーク・ネットワークセキュリティ,○
ANF,ABERCROMBIE & FITCH CO.,アバークロンビー・アンド・　フィッチ,NYSE,小売,○
ANIP,ANI PHARMACEUTICALS INC,ANIファーマシューティカルズ,NASDAQ,医薬品,○
ANSS,ANSYS INC,アンシス,NASDAQ,ソフトウェア・ソフトウェアサービス,○
ANTM,ANTHEM INC.,アンセム,NYSE,医療・医療サービス,○
AON,AON PLC,エーオン,NYSE,金融（保険）,○
AOS,SMITH (A.O.) CORP,Ａ．Ｏ．スミス,NYSE,その他製造,○
APA,APACHE CORPORATION,アパッチ,NYSE,石油・ガス・パイプライン,○
APC,ANADARKO PETROLEUM CORPORATION,アナダルコ・ペトロリウム,NYSE,石油・ガス・パイプライン,○
APD,AIR PRODS & CHEM,エアープロダクツ・アンド・ケミカルズ,NYSE,石油・ガス・パイプライン,○
APH,AMPHENOL CORP-CL A,アンフェノール,NYSE,その他製造,○
APPN,APPIAN CORP,アピアン・コーポレーション,NASDAQ,ソフトウェア・ソフトウェアサービス,○
APRN,BLUE APRON HOLDINGS,ブルーエプロン,NYSE,小売,○
APTV,APTIV PLC,アプティブ　PLC,NYSE,その他製造,○
APY,APERGY CORPORATION,アパジー・コーポレーション,NYSE,その他製造,○
ARCC,ARES CAPITAL CORP,エイリス・キャピタル,NASDAQ,金融（証券）,○
ARD,ARDAGH GROUP S.A.,アルダー・グループ,NYSE,その他製造,○
ARGX,ARGENX SE,アルジェンX,NASDAQ,医薬品（バイオテクノロジー）,○
ARLZ,ARALEZ PHARMACEUTICALS INC,アラレズ・ファーマシューティカルズ,NASDAQ,バイオ,○
ARNA,"ARENA PHARMACEUTICALS, INC.",アリーナ・ファーマシューティカルズ,NASDAQ,バイオ,○
ARNC,ARCONIC INC,アルコニック,NYSE,鉄鋼・鉱業,○
ARRS,ARRIS INTERNATIONAL PLC,アリス・インターナショナル,NASDAQ,通信関連,○
ASH,ASHLAND INC,アシュランド,NYSE,化学,○
ASIX,AdvanSix Inc,アドバンシックス,NYSE,その他製造,○
ASML,ASML HOLDING,ASMLホールディング,NASDAQ,半導体関連,○
ASNA,ASCENA RETAIL GROUP INC,アシナ・リテール・グループ,NASDAQ,小売,○
ASV,ASV HOLDINGS,ASV ホールディングス,NASDAQ,その他製造,○
ATH,ATHENE HOLDING LTD,アテネ・ホールディング,NYSE,金融（保険）,○
ATHN,ATHENAHEALTH INC,アテナヘルス,NASDAQ,インターネットサービス,○
ATO,ATMOS ENERGY CORP,アトモス・エナジー,NYSE,石油・ガス・パイプライン,○
ATV,"ACORN INTERNATIONAL, INC.",エイコーン・インターナショナル,NYSE,小売,○
ATVI,ACTIVISION BLIZZARD INC,アクティビジョン・ブリザード,NASDAQ,ソフトウェア・ソフトウェアサービス,○
AU,ANGLOGOLD ASHANTI LIMITED,アングロゴールド・アシャンティ,NYSE,鉄鋼・鉱業,○
AUTO,AUTOWEB INC,オートウェブ,NASDAQ,インターネットサービス,○
AUY,YAMANA GOLD INC,ヤマナ・ゴールド,NYSE,鉄鋼・鉱業,○
AVAV,AEROVIRONMENT INC,エアロバイロメント,NASDAQ,航空機・宇宙,○
AVGO,BROADCOM INC.,ブロードコム,NASDAQ,半導体関連,○
AVY,AVERY DENNISON CORPORATION,エイブリィ・デニソン,NYSE,化学,○
AWI,ARMSTRONG WORLD INDUSTRIES,アームストロング・ワールド・インダストリーズ,NYSE,エンターテイメント・メディア,○
AWK,AMERICAN WATER WORKS CO INC,アメリカンウォーターワークス,NYSE,その他,○
AXP,AMERICAN EXPRESS COMPANY,アメリカン・エキスプレス,NYSE,金融（カード）,○
AXTA,AXALTA COATING SYSTEMS LTD.,アクサルタ・コーティング・システムズ,NYSE,化学,○
AZN,ASTRAZENECA PLC,アストラゼネカ,NYSE,医薬品,○
AZO,AUTOZONE INC,オートゾーン,NYSE,金融（保険）,○
AZPN,ASPEN TECHNOLOGY INC,アスペンテクノロジーインク,NASDAQ,ソフトウェア・ソフトウェアサービス,○
AZRE,AZURE PWR GLOBAL LTD,アジューレ・パワー・グローバル,NYSE,電機・電力・エネルギー,○
BA,THE BOEING COMPANY,ボーイング,NYSE,航空機・宇宙,○
BABA,ALIBABA GROUP HOLDING LTD.,アリババ・グループ・ホールディング,NYSE,小売,○
BAC,BANK OF AMERICA CORPORATION,バンク・オブ・アメリカ,NYSE,金融（銀行）,○
BAH,BOOZ ALLEN HAMIL,ブーズ・アレン・ハミルトン,NYSE,サービス,○
BALB,iPath Series B Bloomberg Cotton Subindex Total Return ETN,iPath シリーズB ブルームバーグ・コットン・サブ指数トータルリターンETN,NYSE Arca,その他,○
BAX,BAXTER INTERNATIONAL INC.,バクスター　インターナショナル,NYSE,医療機器,○
BB,BLACKBERRY LTD,ブラックベリー,NYSE,コンピュータ関連,○
BBBY,BED BATH & BEYOND INC.,ベッド・バス・アンド・ビヨンド,NASDAQ,小売,○
BBD,BANK BRADESCO,バンコ・ブラデスコ,NYSE,金融（銀行）,○
BBH,VanEck Vectors Biotech ETF,ヴァンエック・ベクトル・バイオテクETF,NASDAQ,その他,○
BBT,BB&T CORP,ＢＢ＆Ｔ,NYSE,金融（銀行）,○
BBVA,BANCO BILBAO VIZCAYA ARGENTARIA,バンコ・ビルバオ・ビスカヤ・アルヘンタリア,NYSE,金融（銀行）,○
BBY,"BEST BUY CO., INC.",ベスト・バイ,NYSE,小売,○
BC,BRUNSWICK CORP,ブランズウィック・コープ,NYSE,その他製造,○
BCE,BCE INC.,ＢＣＥ,NYSE,通信関連,○
BCM,IPATH PURE BETA BROAD COMMODITY ETN,iPathピュア・ベータ・ブロード・コモディティETN,NYSE Arca,その他,○
BCS,BARCLAYS PLC,バークレイズ,NYSE,金融（銀行）,○
BDX,BECTON DICKINSON,ベクトン・ディッキンソン,NYSE,医療機器,○
BECN,BEACON ROOFING SUPPLY INC,ビーコン・ルーフィング・サプライ,NASDAQ,小売,○
BEN,FRANKLIN RES INC,フランクリン・リソーシズ,NYSE,金融（証券）,○
BG,BUNGE LIMITED,ブンゲ,NYSE,農業ビジネス,○
BGS,B&G FOODS INC,Ｂ＆Ｇフーズ,NYSE,小売,○
BHF,BRIGHTHOUSE FINANCIAL,ブライトハウス　ファイナンシャル,NASDAQ,金融（保険）,○
BHGE,BAKER HUGHES A GE CO,ベーカー・ヒューズ,NYSE,石油・ガス・パイプライン,○
BHP,BHP BILLITON LIMITED,ＢＨＰビリトン,NYSE,化学,○
BID,SOTHEBY'S,サザビーズ,NYSE,その他,○
BIDU,"BAIDU, INC.",バイドゥ,NASDAQ,ソフトウェア・ソフトウェアサービス,○
BIG,BIG LOTS INC,ビッグ・ロッツ,NYSE,小売,○
BIIB,BIOGEN INC,バイオジェン,NASDAQ,医薬品（バイオテクノロジー）,○
BIV,VANGUARD INTERMEDIATE-TERM BOND ETF,バンガード・米国中期債券ETF,NYSE Arca,その他,○
BJJN,iPath Series B Bloomberg Nickel Subindex Total Return ETN,iPath シリーズB ブルームバーグ・ニッケル・サブ指数トータルリターンETN,NYSE Arca,その他,○
BJO,iPath Series B Bloomberg Coffee Subindex Total Return ETN,iPath シリーズB ブルームバーグ・コーヒー・サブ指数トータルリターンETN,NYSE Arca,その他,○
BK,THE BANK OF NEW YORK MELLON CORPORATION,バンク・オブ・ニューヨーク・メロン,NYSE,金融（銀行）,○
BKH,BLACK HILLS CORP,ブラック・ヒルズ,NYSE,電機・電力・エネルギー,○
BKI,NEW BLACK KNIGHT,ニュー　ブラックナイト,NYSE,ソフトウェア・ソフトウェアサービス,○
BKNG,BOOKING HOLDINGS,ブッキング　ホールディングス,NASDAQ,ソフトウェア・ソフトウェアサービス,○
BLD,TOPBUILD CORP,トップビルド・コープ,NYSE,その他,○
BLDP,BALLARD POWER SYSTEMS INC.,バラード・パワー・システムズ,NASDAQ,その他製造,○
BLK,BLACKROCK INC,ブラックロック,NYSE,金融（証券）,○
BLL,BALL CORP,ボール,NYSE,その他製造,○
BLMN,"BLOOMIN' BRANDS, INC.",ブルーミン・ブランズ,NASDAQ,外食・レストラン,○
BLUE,"BLUEBIRD BIO, INC.",ブルーバード・バイオ,NASDAQ,バイオ,○
BLV,VANGUARD LONG-TERM BOND ETF,バンガード・米国長期債券ETF,NYSE Arca,その他,○
BMO,BANK OF MONTREAL,バンク・オブ・モントリオール,NYSE,金融（銀行）,○
BMRN,BIOMARIN PHARMACEUTICAL INC,バイオマリン・ファーマシューティカル,NASDAQ,医薬品,○
BMS,BEMIS CO INC,べミス,NYSE,その他製造,○
BMY,BRISTOL-MYERS SQUIBB COMPANY,ブリストル・マイヤーズ　スクイブ,NYSE,トイレタリー・ヘルスケア,○
BND,Vanguard TOTAL BOND MARKET ETF,バンガード・米国トータル債券市場ETF,NYSE Arca,その他,○
BNDX,VANGUARD TOTAL INTERNATIONAL BOND ETF ,バンガード・トータル・インターナショナル債券ETF（米ドルヘッジあり）,NASDAQ,その他,○
BNS,BANK NOVA SCOTIA,バンク・オブ・ノバスコシア,NYSE,金融（銀行）,○
BOX,"BOX, INC. ",ボックス,NYSE,ソフトウェア・ソフトウェアサービス,○
BP,BP P.L.C.,ＢＰ,NYSE,石油・ガス・パイプライン,○
BR,"BROADRIDGE FINANCIAL SOLUTIONS, INC.",ブロードリッジ・ファイナンシャル・ソリューションズ,NYSE,情報処理サービス,○
BRF,VanEck Vectors Brazil Small-Cap ETF,ヴァンエック・ベクトル・ブラジル小型株ETF,NYSE Arca,その他,○
BRFS,BRF ADR,ビーアールエフ,NYSE,食品・飲料,○
BRO,BROWN & BROWN INC,ブラウン・アンド・ブラウン,NYSE,金融（保険）,○
BSV,VANGUARD SHORT-TERM BOND ETF,バンガード・米国短期債券ETF,NYSE Arca,その他,○
BSX,BOSTON SCIENTIFIC CORPORATION,ボストン・サイエンティフィック,NYSE,医療機器,○
BT,BT GROUP PLC,ＢＴグループ,NYSE,通信関連,○
BTI,British American Tobacco p.l.c,ブリティッシュ・アメリカン・タバコ,NYSE,食品・飲料,○
BUD,ANHEUSER-SPN ADR,アンハイザー・ブッシュ・インベブ,NYSE,食品・飲料,○
BURL,BURLINGTON STORES INC,バーリントン・ストアーズ,NYSE,小売,○
BWA,BORGWARNER INC.,ボルグワーナー,NYSE,その他製造,○
BXS,BANCORPSOUTH BANK,バンコープサウス,NYSE,金融（銀行）,○
C,CITIGROUP INC.,シティグループ,NYSE,金融（銀行）,○
CA,CA TECHNOLOGIES,ＣＡテクノロジーズ,NASDAQ,ソフトウェア・ソフトウェアサービス,○
CAG,CONAGRA BRANDS,コナグラ・ブランズ,NYSE,食品・飲料,○
CAH,"CARDINAL HEALTH, INC.",カーディナルヘルス,NYSE,医薬品,○
CAKE,CHEESECAKE FACTO,ザ・チーズケーキ・ファクトリー,NASDAQ,外食・レストラン,○
CARS,Cars.com INC,カーズ・コム,NYSE,自動車・自動車関連,○
CASI,CASI PHARMACEUTICALS INC,CASIファーマシューティカルズ,NASDAQ,バイオ,○
CASY,CASEY'S GENERAL STORES INC,ケーシーズ・ゼネラル・ストアーズ,NASDAQ,小売,○
CAT,CATERPILLAR INC.,キャタピラー,NYSE,その他製造,○
CATM,CARDTRONICS INC,カードトロニクス,NASDAQ,金融（その他）,○
CAVM,CAVIUM INC,カビウム,NASDAQ,半導体関連,○
CB,CHUBB LTD,チャブ,NYSE,金融（保険）,○
CBOE,CBOE GLOBAL MARKETS INC.,シービーオーイー・グローバル・マーケッツ,NASDAQ,金融（その他）,○
CBRE,CBRE GROUP INC,CBREグループ,NYSE,金融（その他）,○
CBRL,CRACKER BARREL OLD COUNTRY,クラッカー・バレル・オールド・カントリー・ストアー,NASDAQ,外食・レストラン,○
CBS,CBS CORPORATION,CBSコープ,NYSE,その他,○
CC,CHEMOURS CO,ケマーズ,NYSE,化学,○
CCE,COCA-COLA EUROPEAN PARTNERS PL.,コカコーラ・ヨーロピアン・パートナーズ,NYSE,食品・飲料,○
CCIH,CHINACACHE-ADR,チャイナキャッシュ・インターナショナル　Ｈｌｄｇ,NASDAQ,インターネットサービス,○
CCJ,CAMECO CORPORATION,カメコ,NYSE,鉄鋼・鉱業,○
CCL,CARNIVAL CORPORATION,カーニバル,NYSE,運輸,○
CDAY,CERIDIAN HCM HOLDING INC.,セリディアンＨＣＭホールディングス,NYSE,ソフトウェア・ソフトウェアサービス,○
CDE,COEUR MINING INC,コーマイニング,NYSE,鉄鋼・鉱業,○
CDK,CDK GLOBAL INC,CDKグローバル,NASDAQ,情報処理サービス,○
CDNS,"CADENCE DESIGN SYSTEMS, INC.",ケイデンス・デザイン・システムズ,NASDAQ,ソフトウェア・ソフトウェアサービス,○
CDW,CDW CORPORATION,ＣＤＷ,NASDAQ,ソフトウェア・ソフトウェアサービス,○
CEIX,CONSOL ENERGY INC,コンソール・エナジー,NYSE,その他,○
CELG,CELGENE CORP,セルジーン,NASDAQ,医療・医療サービス,○
CEO,CNOOC LIMITED,ＣＮＯＯＣ (中国海洋石油),NYSE,石油・ガス・パイプライン,○
CERN,CERNER CORP,サーナー,NASDAQ,トイレタリー・ヘルスケア,○
CEVA,"CEVA, INC.",シーバ,NASDAQ,半導体関連,○
CF,CF INDUSTRIES HOLDINGS INC,ＣＦインダストリーズ・ホールディングス,NYSE,化学,○
CFG,CITIZENS FINANCIAL GROUP INC,シチズンズ・フィナンシャル・グループ,NYSE,金融（銀行）,○
CFX,COLFAX CORP,コルファックス・コーポレーション,NYSE,その他製造,○
CGNX,COGNEX CORPORATION,コグネックス,NASDAQ,その他製造,○
CHAD,DIREXION DAILY CSI 300 CHINA A SHARE BEAR 1X SHARES ,Direxion デイリー CSI 300 中国A株 ベア1倍 ETF,NYSE Arca,その他,○
CHAU,DIREXION DAILY CSI 300 CHINA A SHARE BULL 2X SHARES,Direxion デイリー CSI 300 中国A株 ブル2倍 ETF　,NYSE Arca,その他,○
CHD,CHURCH & DWIGHT CO INC,チャーチ・アンド・ドワイト,NYSE,化学,○
CHK,CHESAPEAKE ENERGY CORP,チェサピーク･エナジー,NYSE,石油・ガス・パイプライン,○
CHKP,CHECK POINT SOFTWARE TECHNOLOGIES LTD.,チェック・ポイント・ソフトウェア・テクノロジーズ,NASDAQ,ネットワーク・ネットワークセキュリティ,○
CHL,CHINA MOBILE LIMITED,チャイナモバイル,NYSE,通信関連,○
CHRW,CH ROBINSON WORLDWIDE INC.,シー･エッチ・ロビンソン・ワールドワイド,NASDAQ,運輸,○
CHT,"CHUNGHWA TELECOM CO., LTD.",チョンホア・テレコム (中華電信),NYSE,通信関連,○
CHTR,"CHARTER COMMUNICATIONS, INC.",チャーター・コミュニケーションズ,NASDAQ,通信関連,○
CHU,CHINA UNICOM (HONG KONG) LIMITED,チャイナユニコム　（ホンコン）,NYSE,通信関連,○
CI,CIGNA CORPORATION,シグナ,NYSE,医療・医療サービス,○
CIEN,CIENA CORPORATION,シエナ,NYSE,ネットワーク・ネットワークセキュリティ,○
CIG,CEMIG SA -SPONS ADR,ミナスジェライス電力,NYSE,電機・電力・エネルギー,○
CINF,CINCINNATI FINANCIAL CORP,シンシナティ・ファイナンシャル,NASDAQ,金融（保険）,○
CIU,iShares Intermediate Credit Bond ETF,iシェアーズ 米国クレジット債券 1-10年 ETF,NASDAQ,その他,○
CL,COLGATE-PALMOLIVE COMPANY,コルゲート・パルモリブ,NYSE,トイレタリー・ヘルスケア,○
CLB,CORE LABORATORIES N.V.,コア・ラボラトリーズ,NYSE,石油・ガス・パイプライン,○
CLGX,CORELOGIC INC,コアロジック,NYSE,サービス,○
CLH,CLEAN HARBORS INC,クリーンハーバーズ,NYSE,サービス,○
CLNE,CLEAN ENERGY FUELS CORP,クリーンエナジーフューエルズ,NASDAQ,自動車・自動車関連,○
CLR,CONTINENTAL RESOURCES INC ,コンチネンタル・リソーシズ,NYSE,石油・ガス・パイプライン,○
CLSN,CELSION CORPORATION,セルシオン,NASDAQ,医療・医療サービス,○
CLX,CLOROX COMPANY,クロロックス,NYSE,その他製造,○
CM,CAN IMPL BK COMM,カナディアン・インペリアル・バンク・オブ・コマース,NYSE,金融（銀行）,○
CMA,COMERICA INCORPORATED,コメリカ,NYSE,金融（銀行）,○
CMCM,CHEETAH MOBILE INC,チータ・モバイル,NYSE,ソフトウェア・ソフトウェアサービス,○
CMCSA,COMCAST CORPORATION,コムキャスト,NASDAQ,通信関連,○
CME,CME GROUP INC,ＣＭＥグループ,NASDAQ,金融（その他）,○
CMG,CHIPOTLE MEXICAN GRILL INC,チポトレ・メキシカン・グリル,NYSE,外食・レストラン,○
CMI,CUMMINS INC,カミンズ,NYSE,電機・電力・エネルギー,○
CMS,CMS ENERGY CORPORATION,ＣＭＳエナジー,NYSE,電機・電力・エネルギー,○
CNA,CNA FINANCIAL CORPORATION,ＣＮＡファイナンシャル,NYSE,金融（保険）,○
CNC,CENTENE CORPORATION,センティーン,NYSE,医療・医療サービス,○
CNDT,CONDUENT INC,コンデュエント,NYSE,インターネットサービス,○
CNI,CAN NATL RAILWAY,カナディアン・ナショナル・レールウェイ,NYSE,運輸,○
CNK,CINEMARK HOLDINGS INC,シネマーク・ホールディングス,NYSE,エンターテイメント・メディア,○
CNP,"CENTERPOINT ENERGY, INC.",センターポイント・エナジー,NYSE,電機・電力・エネルギー,○
CNQ,CANADIAN NAT RES,カナディアン・ナチュラルリソーシズ,NYSE,石油・ガス・パイプライン,○
CNX,CNX RESOUURCES CORP,CNX・リソーシーズ,NYSE,電機・電力・エネルギー,○
CNXT,VanEck Vectors ChinaAMC SME-ChiNext ETF,ヴァンエック・ベクトル中国AMC中小企業・創業板ETF,NYSE Arca,その他,○
COF,CAPITAL ONE FINA,キャピタル・ワン・ファイナンシャル,NYSE,金融（銀行）,○
COG,CABOT OIL & GAS CORP,キャボット・オイル＆ガス,NYSE,石油・ガス・パイプライン,○
COHR,COHERENT INC,コヒーレント,NASDAQ,半導体関連,○
COL,ROCKWELL COLLINS,ロックウェル・コリンズ,NYSE,航空機・宇宙,○
COLM,COLUMBIA SPORTSWEAR COMPANY,コロンビア・スポーツウエア,NASDAQ,その他製造,○
COO,"THE COOPER COMPANIES, INC.",クーパー,NYSE,トイレタリー・ヘルスケア,○
COP,CONOCOPHILLIPS,コノコフィリップス,NYSE,石油・ガス・パイプライン,○
COST,COSTCO WHOLESALE CORPORATION,コストコホールセール,NASDAQ,小売,○
COTY,COTY INC.  CL-A,コティ クラスＡ,NYSE,その他製造,○
COWB,iPath Series B Bloomberg Livestock Subindex Total Return ETN,iPath シリーズB ブルームバーグ畜産物サブ指数トータルリターンETN,NYSE Arca,その他,○
CP,CANADIAN PACIFIC,カナディアン・パシフィック鉄道,NYSE,運輸,○
CPB,CAMPBELL SOUP COMPANY,キャンベルスープ,NYSE,食品・飲料,○
CPRT,COPART INC,コパート,NASDAQ,小売,○
CPST,CAPSTONE TURBINE CORPORATION,キャプストーン・タービン,NASDAQ,その他製造,○
CRC,CALIFORNIA RESOURCES CORP,カリフォルニア・リソーシス,NYSE,石油・ガス・パイプライン,○
CRED,iShares Core US Credit Bond,iシェアーズ コア米国クレジット債券 ETF,NASDAQ,その他,○
CREE,"CREE, INC.",クリー,NASDAQ,半導体関連,○
CRI,CARTER'S INC,カーターズ,NYSE,その他製造,○
CRM,"SALESFORCE.COM, INC.",セールスフォース・ドットコム,NYSE,ソフトウェア・ソフトウェアサービス,○
CRR,CARBO Ceramics Inc,カーボ・セラミックス,NYSE,その他製造,○
CRUS,CIRRUS LOGIC INC,シーラス・ロジック,NASDAQ,半導体関連,○
CS,CREDIT SUISS-ADR,クレディ・スイス・グループ,NYSE,金融（銀行）,○
CSCO,"CISCO SYSTEMS, INC.",シスコシステムズ,NASDAQ,ネットワーク・ネットワークセキュリティ,○
CSGS,"CSG SYSTEMS INTERNATIONAL, INC.",ＣＳＧシステムズ・インターナショナル,NASDAQ,情報処理サービス,○
CSJ,iShares 1‐3 Year Credit Bond ETF,iシェアーズ 米国クレジット債券 1-3年 ETF,NASDAQ,その他,○
CSL,CARLISLE COS INC,カーライル,NYSE,複合企業,○
CSOD,CORNERSTONE ONDEMAND INC,コーナーストーン　・オンデマンド,NASDAQ,ソフトウェア・ソフトウェアサービス,○
CSX,CSX CORP,ＣＳＸ,NASDAQ,運輸,○
CTAS,CINTAS CORP,シンタス,NASDAQ,その他,○
CTIC,CTI BIOPHARMA CORP ,CTIバイオファーマ,NASDAQ,医薬品（バイオテクノロジー）,○
CTL,"CENTURYLINK, INC.",センチュリーリンク,NYSE,通信関連,○
CTLT,CATALENT,キャタレント,NYSE,その他製造,○
CTRP,"CTRIP.COM INTERNATIONAL, LTD.",シートリップ・ドット・コム・インターナショナル,NASDAQ,サービス,○
CTSH,COGNIZANT TECH-A,コグニザント・テクノロジー・ソリューションズ,NASDAQ,石油・ガス・パイプライン,○
CTXS,"CITRIX SYSTEMS, INC.",シトリックス・システムズ,NASDAQ,ソフトウェア・ソフトウェアサービス,○
CURE,DIREXION DAILY HEALTHCARE BULL 3X SHARES,Direxion デイリー ヘルスケア株 ブル3倍 ETF,NYSE Arca,その他,○
CVA,COVANTA HOLDING CORP,コバンタ・ホールティング,NYSE,サービス,○
CVBF,CVB FINANCIAL CORP,ＣＶＢファイナンシャル,NASDAQ,金融（その他）,○
CVG,CONVERGYS CORPORATION,コンバージス,NYSE,サービス,○
CVI,CVR ENERGY INC,ＣＶＲエナジー,NYSE,運輸,○
CVLT,COMMVAULT SYSTEMS INC,コムボールト・システムズ,NASDAQ,ソフトウェア・ソフトウェアサービス,○
CVS,CVS HEALTH CORP,CVSヘルス,NYSE,小売,○
CVX,CHEVRON CORPORATION,シェブロン,NYSE,石油・ガス・パイプライン,○
CWB,SPDR Bloomberg Barclays Convertible Securities ETF,SPDR ブルームバーグ・バークレイズ・コンバーチブル債券ETF,NYSE Arca,その他,○
CWI,SPDR MSCI ACWI ex-US ETF,SPDR　MSCI 全世界株式（除く米国）　ETF,NYSE Arca,その他,○
CXO,CONCHO RESOURCES INC.,コンチョ・リソーシズ,NYSE,鉄鋼・鉱業,○
CXSE,WISDOMTREE CHINA EX-STATE-OWNED ENTERPRISE FUND,ウィズダムツリー中国株ニューエコノミーファンド,NASDAQ,その他,○
CY,CYPRESS SEMICONDUCTOR CORPORATION,サイプレス　セミコンダクター,NASDAQ,半導体関連,○
CYBR,CYBERARK SOFTWARE LTD/ISRAEL,サイバーアーク・ソフトウェア,NASDAQ,ソフトウェア・ソフトウェアサービス,○
CYD,CHINA YUCHAI,チャイナユチャイ,NYSE,自動車・自動車関連,○
CYOU,CHANGYOU.COM LTD.,Changyou.com ,NASDAQ,エンターテイメント・メディア,○
CZZ,COSAN LIMITED,コーサン,NYSE,食品・飲料,○
D,DOMINION ENERGY,ドミニオン・エナジー,NYSE,電機・電力・エネルギー,○
DAL,DELTA AIR LINES INC,デルタ航空,NYSE,航空,○
DATA,"TABLEAU SOFTWARE, INC. ",タブローソフトウェア,NYSE,ソフトウェア・ソフトウェアサービス,○
DB,DEUTSCHE BANK-RG,ドイツ銀行,NYSE,金融（銀行）,○
DBA,Invesco DB Agriculture Fund,インベスコDBアグリカルチャー・ファンド,NYSE Arca,その他,○
DBC,Invesco DB Commodity Index Tracking Fund,インベスコDB コモディティ・インデックス・トラッキング・ファンド,NYSE Arca,その他,○
DBD,DIEBOLD NIXDORF INC,ディーボールド・ニックスドルフ,NYSE,その他製造,○
DBX,"DROPBOX, INC.",ドロップボックス,NASDAQ,ソフトウェア・ソフトウェアサービス,○
DCI,DONALDSON CO INC,ドナルドソン,NYSE,その他製造,○
DDD,3D SYSTEMS CORP,スリーディー・システムズ,NYSE,その他製造,○
DDS,DILLARDS INC-CL A,ディラーズ,NYSE,小売,○
DE,DEERE & CO,ディアー,NYSE,電機・電力・エネルギー,○
DEM,WisdomTree Emerging Markets High Dividend Fund,ウィズダムツリー  新興国株 高配当ファンド,NYSE Arca,その他,○
DEO,DIAGEO PLC-ADR,ディアジオ,NYSE,食品・飲料,○
DES,WISDOMTREE SMALLCAP DIVIDEND FUND,ウィズダムツリー　米国小型株配当ファンド,NYSE Arca,その他,○
DEW,WisdomTree Global High Dividend Fund,ウィズダムツリー  世界株 高配当ファンド,NYSE Arca,その他,○
DF,DEAN FOODS COMPANY,ディーン・フーズ,NYSE,食品・飲料,○
DFE,WisdomTree Europe SmallCap Dividend Fund,ウィズダムツリー  欧州小型株配当ファンド,NYSE Arca,その他,○
DFJ,WisdomTree Japan SmallCap Dividend Fund,ウィズダムツリー  日本小型株配当ファンド,NYSE Arca,その他,○
DFS,DISCOVER FINANCIAL SERVICES,ディスカバー・ファイナンシャル・サービシズ,NYSE,金融（カード）,○
DG,DOLLAR GENERAL CORP,ダラー・ゼネラル,NYSE,小売,○
DGRE,WISDOMTREE EMERGING MARKETS QUALITY DIVIDEND GROWTH FUND,ウィズダムツリー　新興国株クオリティ配当成長ファンド,NASDAQ,その他,○
DGRS,WISDOMTREE U.S. SMALLCAP QUALITY DIVIDEND GROWTH FUND,ウィズダムツリー　米国小型株クオリティ配当成長ファンド,NASDAQ,その他,○
DGRW,WISDOMTREE U.S. QUALITY DIVIDEND GROWTH FUND,ウィズダムツリー　米国株クオリティ配当成長ファンド,NASDAQ,その他,○
DGS,WISDOMTREE EMERGING MARKETS SMALLCAP DIVIDEND FUND,ウィズダムツリー　新興国小型株配当ファンド,NYSE Arca,その他,○
DGX,QUEST DIAGNOSTICS INCORPORATED,クエスト・ダイアグノスティックス,NYSE,医療・医療サービス,○
DHI,DR HORTON INC,Ｄ．Ｒ．ホートン,NYSE,その他,○
DHR,DANAHER CORP,ダナハー,NYSE,電機・電力・エネルギー,○
DHS,WisdomTree High Dividend Fund,ウィズダムツリー  米国株 高配当ファンド,NYSE Arca,その他,○
DIA,SPDR Dow Jones Industrial Average ETF ,SPDR ダウ工業株平均 ETF,NYSE Arca,その他,○
DIS,THE WALT DISNEY COMPANY,ウォルト・ディズニー,NYSE,エンターテイメント・メディア,○
DISCA,"DISCOVERY, INC. CL-A",ディスカバリー　クラスＡ,NASDAQ,エンターテイメント・メディア,○
DISCK,"DISCOVERY, INC. CL-C",ディスカバリー　クラスC,NASDAQ,通信関連,○
DISH,DISH NETWORK CORPORATION,ディッシュ・ネットワーク,NASDAQ,エンターテイメント・メディア,○
DJP,IPATH BLOOMBERG COMMODITY INDEX TOTAL RETURN ETN,iPathブルームバーグ・コモディティ指数トータルリターンETN,NYSE Arca,その他,○
DKS,DICK'S SPORTING GOODS INC,ディックス・スポーティング・グッズ,NYSE,小売,○
DLN,WISDOMTREE LARGECAP DIVIDEND FUND,ウィズダムツリー　米国大型株配当ファンド,NYSE Arca,その他,○
DLPH,DELPHI TECHNOLOGIES PLC,デルファイ・テクノロジーズ,NYSE,その他製造,○
DLTR,"DOLLAR TREE, INC",ダラー・ツリー,NASDAQ,小売,○
DLX,DELUXE CORP,デラックス,NYSE,サービス,○
DNKN,DUNKIN' BRANDS GROUP INC.,ダンキン　ブランズ　グループ,NASDAQ,外食・レストラン,○
DNOW,NOW INC,NOWインク,NYSE,石油・ガス・パイプライン,○
DO,DIAMOND OFFSHORE,ダイヤモンド・オフショア・ドリリング,NYSE,石油・ガス・パイプライン,○
DOCU,DOCUSIGN INC,ドキュサイン,NASDAQ,ソフトウェア・ソフトウェアサービス,○
DON,WISDOMTREE MIDCAP DIVIDEND FUND,ウィズダムツリー　米国中型株配当ファンド,NYSE Arca,その他,○
DOV,DOVER CORP,ドーバー,NYSE,その他製造,○
DPS,DR PEPPER SNAPPLE GROUP INC,ドクターペッパー・スナップル・グループ,NYSE,食品・飲料,○
DPZ,DOMINO'S PIZZA INC,ドミノ・ピザ,NYSE,外食・レストラン,○
DRD,DRDGOLD LIMITED,ＤＲＤゴールド,NYSE,鉄鋼・鉱業,○
DRI,DARDEN RESTAURANTS INC,ダーデン・レストランツ,NYSE,外食・レストラン,○
DRN,DIREXION DAILY REAL ESTATE BULL 3X SHARES,Direxion デイリー 米国リート ブル3倍 ETF,NYSE Arca,その他,○
DRV,DIREXION DAILY REAL ESTATE BEAR 3X SHARES ,Direxion デイリー 米国リート ベア3倍 ETF,NYSE Arca,その他,○
DSW,DSW INC-CLASS A,ＤＳＷ,NYSE,その他製造,○
DTE,DTE ENERGY COMPANY,ＤＴＥエナジー,NYSE,石油・ガス・パイプライン,○
DTEA,DAVIDSTEA INC.,デイビッズ・ティー,NASDAQ,小売,○
DUK,DUKE ENERGY CORPORATION,デューク・エナジー　,NYSE,電機・電力・エネルギー,○
DUST,DIREXION DAILY GOLD MINERS BEAR 3X SHARES,Direxion デイリー 金鉱株 ベア3倍 ETF,NYSE Arca,その他,○
DVA,DAVITA INC,ダヴィータ,NYSE,医療・医療サービス,○
DVN,DEVON ENERGY CO,デボン・エナジー,NYSE,石油・ガス・パイプライン,○
DVY,iShares Select Dividend ETF,iシェアーズ 好配当株式 ETF,NASDAQ,その他,○
DWDP,DOW DUPONT,ダウ・デュポン,NYSE,化学,○
DXC,DXC Technology,DXCテクノロジー,NYSE,情報処理サービス,○
DXJ,WisdomTree Japan Hedged Equity Fund,ウィズダムツリー  日本株米ドルヘッジ付ファンド,NYSE Arca,その他,○
DXJF,WisdomTree Japan Hedged Financials Fund,ウィズダムツリー  日本株金融セクター米ドルヘッジ付ファンド,NYSE Arca,その他,○
DXJS,WisdomTree Japan Hedged SmallCap Equity Fund,ウィズダムツリー  日本小型株米ドルヘッジ付ファンド,NASDAQ,その他,○
EA,ELECTRONIC ARTS INC.,エレクトロニック・アーツ,NASDAQ,通信関連,○
EAT,BRINKER INTERNATIONAL INC,ブリンカー・インターナショナル,NYSE,外食・レストラン,○
EBAY,EBAY INC.,イーベイ,NASDAQ,ソフトウェア・ソフトウェアサービス,○
EBND,SPDR Bloomberg Barclays Emerging Markets Local Bond,SPDR ブルームバーグ・バークレイズ 新興国債券（現地通貨建て）ETF,NYSE Arca,その他,○
ECA,ENCANA CORP,エンカーナ,NYSE,電機・電力・エネルギー,○
ECL,ECOLAB INC,エコラブ,NYSE,ホテル・モーテル,○
ED,"CONSOLIDATED EDISON, INC.",コンソリデーテッド・エジソン,NYSE,電機・電力・エネルギー,○
EDC,DIREXION DAILY EMERGING MARKETS BULL 3X SHARES,Direxion デイリー 新興国株 ブル3倍 ETF,NYSE Arca,その他,○
EDU,NEW ORIENTAL EDUCATION & TECHNOLOGY GROUP INC.,ニューオリエンタルエデュケーションアンドテクノロジー,NYSE,サービス,○
EDV,VANGUARD EXTENDED DURATION TREASURY ETF,バンガード・超長期米国債ETF,NYSE Arca,その他,○
EDZ,DIREXION DAILY EMERGING MARKETS BEAR 3X SHARES,Direxion デイリー 新興国株 ベア3倍 ETF,NYSE Arca,その他,○
EE,EL PASO ELECTRIC CO,エルパソ・エレクトリック,NYSE,電機・電力・エネルギー,○
EEM,iShares MSCI Emerging Markets ETF,iシェアーズ MSCI エマージング・マーケット ETF,NYSE Arca,その他,○
EEMS,iShares MSCI Emerging Markets Small‐Cap ETF,iシェアーズ MSCI エマージング・マーケット小型株 ETF,NYSE Arca,その他,○
EFA,iShares MSCI EAFE INDEX FUND,iシェアーズ MSCI EAFE ETF,NYSE Arca,その他,○
EFX,EQUIFAX INC.,エクイファックス,NYSE,金融（その他）,○
EGL,ENGILITY HLDS,エンジリティ・ホールディングス,NYSE,航空機・宇宙,○
EIDO,iShares MSCI INDONESIA INVESTABLE MARKET INDEX FUND,iシェアーズ MSCI インドネシア ETF,NYSE Arca,その他,○
EIX,EDISON INTL,エジソン・インターナショナル,NYSE,電機・電力・エネルギー,○
EL,ESTEE LAUDER,エスティ　ローダー,NYSE,トイレタリー・ヘルスケア,○
ELD,WisdomTree Emerging Markets Local Debt Fund,ウィズダムツリー  新興国現地通貨建債券ファンド,NYSE Arca,その他,○
EMB,iShares JPMORGAN USD EMERGING MARKETS BOND FUND,iシェアーズ J.P.モルガン・米ドル建てエマージング・マーケット債券 ETF,NASDAQ,その他,○
EMLC,VanEck Vectors J.P. Morgan EM Local Currency Bond ETF,ヴァンエック・ベクトル・JPモルガン新興国債券（現地通貨建て）ETF,NYSE Arca,その他,○
EMN,EASTMAN CHEMICAL COMPANY,イーストマン・ケミカル,NYSE,化学,○
EMR,EMERSON ELEC CO,エマソン・エレクトリック,NYSE,その他製造,○
ENB,ENBRIDGE INC,エンブリッジ,NYSE,石油・ガス・パイプライン,○
ENDP,ENDO INTERNATIONAL　PLC,エンド・インターナショナル,NASDAQ,医薬品,○
EOG,EOG RESOURCES,ＥＯＧリソーシズ,NYSE,石油・ガス・パイプライン,○
EPHE,iShares MSCI PHILIPPINES INVESTABLE MARKET INDEX FUND,iシェアーズ MSCI フィリピン ETF,NYSE Arca,その他,○
EPI,WisdomTree India Earnings Fund,ウィズダムツリー  インド株収益ファンド,NYSE Arca,その他,○
EPOL,iShares MSCI Poland ETF,iシェアーズ MSCI ポーランドETF,NYSE Arca,その他,○
EPP,iShares MSCI PACIFIC EX-JAPAN INDEX,iシェアーズ MSCI パシフィック（除く日本）ETF,NYSE Arca,その他,○
EQH,"AXA EQUITABLE HOLDINGS, INC.",ＡＸＡエクイタブル・ホールディングス,NYSE,金融（保険）,○
EQNR,EQUINOR ASA,エクイノール,NYSE,石油・ガス・パイプライン,○
EQT,EQT CORP,ＥＱＴ,NYSE,電機・電力・エネルギー,○
ERIC,LM ERICSSON TELEPHONE COMPANY,LMエリクソン,NASDAQ,通信関連,○
ERJ,EMBRAER SA - ADR,エンブラエル,NYSE,航空機・宇宙,○
EROS,EROS INTERNATIONAL PLC,エロス・インターナショナル,NYSE,エンターテイメント・メディア,○
ERUS,iShares MSCI Russia ETF,iシェアーズ MSCI ロシアETF,NYSE Arca,その他,○
ES,EVERSOURCE ENERGY,エバーソース・エナジー,NYSE,電機・電力・エネルギー,○
ES,EVERSOURCE ENERGY,エバーソース・エナジー,NYSE,電機・電力・エネルギー,○
ESRX,EXPRESS SCRIPTS HOLDING CO,エクスプレス・スクリプツ,NASDAQ,医療・医療サービス,○
ESV,ENSCO PLC-ADR,エンスコ,NYSE,石油・ガス・パイプライン,○
ETFC,E-TRADE FINANCIAL CORPORATION,イー・トレード・ファイナンシャル,NASDAQ,金融（証券）,○
ETN,EATON CORP,イートン,NYSE,その他製造,○
ETR,ENTERGY CORPORATION,エンタージ,NYSE,電機・電力・エネルギー,○
ETSY,ETSY INC ,エッツィー,NASDAQ,小売,○
EUDG,WISDOMTREE EUROPE QUALITY DIVIDEND GROWTH FUND,ウィズダムツリー　欧州株クオリティ配当成長ファンド,NYSE Arca,その他,○
EVH,"EVOLENT HEALTH, INC.",エボレント・ヘルス,NYSE,医療・医療サービス,○
EVHC,"ENVISION HEALTHCARE HOLDINGS, INC.",エンビジョン・ヘルスケア,NYSE,医療・医療サービス,○
EVRG,EVERGY INC,エヴァジー,NYSE,電機・電力・エネルギー,○
EW,EDWARDS LIFESCIENCES CORP,エドワーズライフサイエンス,NYSE,医療機器,○
EWBC,EAST WEST BANCORP INC,イースト・ウエスト・バンコープ,NASDAQ,金融（銀行）,○
EWG,iShares MSCI Germany ETF,iシェアーズ MSCI ドイツ ETF,NYSE Arca,その他,○
EWJ,iShares MSCI Japan Index Fund,iシェアーズ MSCI ジャパン ETF,NYSE Arca,その他,○
EWM,iShares MSCI MALAYSIA,iシェアーズ MSCI マレーシア ETF,NYSE Arca,その他,○
EWS,iShares MSCI Singapore ETF,iシェアーズ MSCI シンガポールETF,NYSE Arca,その他,○
EWT,iShares MSCI Taiwan ETF,iシェアーズ MSCI 台湾 ETF　,NYSE Arca,その他,○
EWW,iShares MSCI MEXICO ETF,iシェアーズ MSCI メキシコ ETF,NYSE Arca,その他,○
EWY,iShares MSCI SOUTH KOREA ETF,iシェアーズ MSCI 韓国 ETF,NYSE Arca,その他,○
EWZ,iShares MSCI BRAZIL ETF,iシェアーズ MSCI ブラジル ETF,NYSE Arca,その他,○
EXAS,EXACT SCIENCES CORPORATION,イグザクド・サイエンシズ,NASDAQ,医薬品（バイオテクノロジー）,○
EXC,EXELON CORPORATION,エクセロン,NYSE,電機・電力・エネルギー,○
EXI,iShares Global Industrials ETF,iシェアーズ グローバル資本財 ETF,NYSE Arca,その他,○
EXP,EAGLE MATERIALS INC,イーグル・マテリアルズ,NYSE,複合企業,○
EXPD,"EXPEDITORS INTERNATIONAL OF WASHINGTON, INC.",エクスペディターズ・インターナショナル・オブ・ワシントン,NASDAQ,運輸,○
EXPE,EXPEDIA GROUP INC,エクスペディア・グループ,NASDAQ,サービス,○
EXPR,EXPRESS INC,エクスプレス,NYSE,小売,○
EXTR,"EXTREME NETWORKS, INC.",エクストリーム　ネットワークス,NASDAQ,通信関連,○
EZA,iShares MSCI SOUTH AFRICA INDEX,iシェアーズ MSCI 南アフリカ ETF,NYSE Arca,その他,○
F,FORD MOTOR COMPANY,フォード・モーター,NYSE,自動車・自動車関連,○
FAF,FIRST AMERICAN FINANCIAL,ファースト・アメリカン・ファイナンシャル,NYSE,金融（保険）,○
FANH,FANHUA INC.,フェンフア,NASDAQ,金融（保険）,○
FAS,DIREXION DAILY FINANCIAL BULL 3X SHARES ,Direxion デイリー 米国金融株 ブル3倍 ETF,NYSE Arca,その他,○
FAST,FASTENAL CO,ファスナル,NASDAQ,その他,○
FAZ,DIREXION DAILY FINANCIAL BEAR 3X SHARES ,Direxion デイリー 米国金融株 ベア3倍 ETF,NYSE Arca,その他,○
FB,FACEBOOK,フェイスブック,NASDAQ,通信関連,○
FBHS,"FORTUNE BRANDS HOME & SECURITY, INC.",フォーチュン・ブランズ・ホーム・アンド・セキュリティ,NYSE,その他製造,○
FBR,FIBRIA CELULOSE,ファイブリア・セルロース,NYSE,紙・パルプ,○
FCAU,FIAT CHRYSLER AUTOMOBILES N.V. ,フィアット・クライスラー・オートモービルズ,NYSE,自動車・自動車関連,○
FCEL,"FUELCELL ENERGY, INC.",フュエルセル・エナジー,NASDAQ,電機・電力・エネルギー,○
FCX,FREEPORT MCMORAN INC,フリーポート・マクモラン,NYSE,鉄鋼・鉱業,○
FDC,FIRST DATA CORP,ファースト・データ,NYSE,情報処理サービス,○
FDP,FRESH DEL MONTE PRODUCE INC.,フレッシュ・デルモンテ・プロデュース,NYSE,食品・飲料,○
FDS,FACTSET RESEARCH SYSTEMS INC.,ファクトセット・リサーチ・システムズ,NYSE,ソフトウェア・ソフトウェアサービス,○
FDX,FEDEX CORPORATION,フェデックス,NYSE,運輸,○
FE,FIRSTENERGY CORP,ファーストエナジー,NYSE,電機・電力・エネルギー,○
FEYE,FIREEYE INC,ファイア・アイ,NASDAQ,ソフトウェア・ソフトウェアサービス,○
FFIV,F5 NETWORKS,Ｆ５ネットワークス,NASDAQ,ソフトウェア・ソフトウェアサービス,○
FICO,FAIR ISAAC CORP,フェア・アイザック,NYSE,金融（その他）,○
FIS,"FIDELITY NATIONAL INFORMATION SERVICES, INC.",フィデリティ・ナショナル・インフォメーション・サービシーズ,NYSE,情報処理サービス,○
FISV,"FISERV, INC.",ファイサーブ,NASDAQ,情報処理サービス,○
FIT,FITBIT INC.,フィットビット,NYSE,通信関連,○
FITB,FIFTH THIRD BANCORP,フィフス・サード・バンコープ,NASDAQ,金融（その他）,○
FIVE,FIVE BELOW,ファイブ ビロウ,NASDAQ,小売,○
FL,FOOT LOCKER INC,フット・ロッカー,NYSE,小売,○
FLEX,FLEXTRONICS INTERNATIONAL LTD.,フレクストロニクス・インターナショナル,NASDAQ,電機・電力・エネルギー,○
FLO,FLOWERS FOODS INC,フラワーズ・フーズ,NYSE,外食・レストラン,○
FLR,FLUOR CORP,フルアー・コープ,NYSE,複合企業,○
FLS,FLOWSERVE CORP,フローサーブ,NYSE,石油・ガス・パイプライン,○
FLT,FLEETCOR TECHNOLOGIES INC,フリートコ・テクノロジーズ,NYSE,サービス,○
FM,iShares MSCI Frontier 100 Index Fund,iシェアーズ MSCI フロンティア 100 ETF,NYSE Arca,その他,○
FMC,FMC CORP,ＦＭＣ,NYSE,サービス,○
FMX,FOMENTO ECON-ADR,フォメント・エコノミコ・メヒカノ,NYSE,食品・飲料,○
FNB,FNB CORP,ＦＮＢ,NYSE,金融（その他）,○
FND,FLOOR & DECOR HOLDINGS,フロア・アンド・デコレ　HD,NYSE,小売,○
FNSR,FINISAR CORP,フィニーサー,NASDAQ,ネットワーク・ネットワークセキュリティ,○
FNV,FRANCO-NEVADA CORP,フランコ－ネバダ,NYSE,金融（その他）,○
FOLD,"AMICUS THERAPEUTICS, INC.",アミカス・セラピューティクス,NASDAQ,医薬品（バイオテクノロジー）,○
FOSL,FOSSIL GROUP INC,フォッシルグループ,NASDAQ,小売,○
FOX,21ST CENTURY FOX,21世紀フォックス,NASDAQ,エンターテイメント・メディア,○
FRAC,"KEANE GROUP, INC.",キーン・グループ,NYSE,石油・ガス・パイプライン,○
FRAC,"KEANE GROUP, INC.",キーン・グループ,NYSE,石油・ガス・パイプライン,○
FRC,FIRST REPUBLIC BANK,ファースト・リパブリック・バンク,NYSE,金融（銀行）,○
FSLR,FIRST SOLAR INC,ファーストソーラー,NASDAQ,電機・電力・エネルギー,○
FTI,TECHNIPFMC PLC,テクニップＦＭＣ,NYSE,石油・ガス・パイプライン,○
FTNT,FORTINET,フォーティネット,NASDAQ,その他,○
FTR,FRONTIER COMMUNICATIONS CORP.,フロンティア･コミュニケーションズ,NASDAQ,通信関連,○
FTV,FORTIVE CORP,フォーティブ,NYSE,その他製造,○
FUL,H.B. FULLER CO.,Ｈ．Ｂ．フラー,NYSE,化学,○
FXI,iShares China Large‐Cap ETF,iシェアーズ 中国大型株 ETF,NYSE Arca,その他,○
GAL,SPDR SSgA Global Allocation ETF,SPDR　SSgA グローバル・アロケーション ETF,NYSE Arca,その他,○
GBCI,GLACIER BANCORP INC,グレーシャー・バンコープ,NASDAQ,金融（銀行）,○
GCI,GANNETT CO INC,ガネット,NYSE,通信関連,○
GCO,GENESCO INC,ゼネスコ,NYSE,小売,○
GD,GENERAL DYNAMICS CORPORATION,ゼネラル・ダイナミクス,NYSE,航空機・宇宙,○
GDDY,GODADDY INC.,ゴーダディ,NYSE,ソフトウェア・ソフトウェアサービス,○
GDOT,GREEN DOT CORP-A,グリーンドット,NYSE,その他,○
GDX,VanEck Vectors Gold Miners ETF,ヴァンエック・ベクトル・金鉱株ETF,NYSE Arca,その他,○
GDXJ,VanEck Vectors Junior Gold Miners ETF,ヴァンエック・ベクトル・中小型金鉱株ETF,NYSE Arca,その他,○
GE,GENERAL ELECTRIC COMPANY,ゼネラル・エレクトリック,NYSE,複合企業,○
GERN,GERON CORPORATION,ジェロン,NASDAQ,医薬品（バイオテクノロジー）,○
GFA,GAFISA S.A.,ガフィサ,NYSE,その他,○
GFI,GOLD FIELDS LIMITED,ゴールドフィールズ,NYSE,鉄鋼・鉱業,○
GG,GOLDCORP INC.,ゴールドコープ,NYSE,鉄鋼・鉱業,○
GGB,GERDAU SA-ADR,ゲルダウ,NYSE,鉄鋼・鉱業,○
GGG,GRACO INC.,グレコ,NYSE,その他製造,○
GIGM,GIGAMEDIA LIMITED,ギガメディア,NASDAQ,インターネットサービス,○
GILD,"GILEAD SCIENCES, INC.",ギリアド・サイエンシズ,NASDAQ,医薬品（バイオテクノロジー）,○
GIS,"GENERAL MILLS, INC.",ゼネラル・ミルズ,NYSE,食品・飲料,○
GLD,SPDR GOLD SHARES,SPDR ゴールド・シェア,NYSE Arca,その他,○
GLOG,GASLOG LTD,ガスログ,NYSE,石油・ガス・パイプライン,○
GLW,CORNING INCORPORATED,コーニング,NYSE,通信関連,○
GM,GENERAL MOTORS COMPANY ,ゼネラル・モーターズ,NYSE,自動車・自動車関連,○
GME,GAMESTOP CORP.,ゲームストップ,NYSE,コンピュータ関連,○
GMF,SPDR S&P Emerging Asia Pacific ETF,SPDR　S&P　ア ジ ア・パ シ フィ ッ ク　新興国株式 ETF,NYSE Arca,その他,○
GNC,GNC HOLDINGS INC-CL A,ＧＮＣホールディングス,NYSE,小売,○
GNRC,GENERAC HOLDINGS INC,ジェネラック・ホールディングス,NYSE,その他製造,○
GNW,"GENWORTH FINANCIAL, INC.",ジェンワース・ファイナンシャル,NYSE,金融（保険）,○
GOL,GOL LINHAS AEREAS INTEL - ADR,ゴル‐リニャス・アエリアス・インテリジェンス,NYSE,航空,○
GOLD,RANDGOLD RESOURCES LIMITED,ランドゴールド・リソーシズ,NASDAQ,鉄鋼・鉱業,○
GOOG,ALPHABET INC. CL-C,アルファベット クラスC,NASDAQ,ソフトウェア・ソフトウェアサービス,○
GOOGL,ALPHABET INC. CL-A,アルファベット クラスA,NASDAQ,ソフトウェア・ソフトウェアサービス,○
GOOS,CANADA GOOSE HOLDINGS INC,カナダ・グース・ホールディングス,NYSE,小売,○
GPC,GENUINE PARTS CO,ジェニュイン・パーツ,NYSE,自動車・自動車関連,○
GPI,GROUP 1 AUTOMOTIVE INC,グループ・ワン・オートモーティブ,NYSE,自動車・自動車関連,○
GPN,GLOBAL PAYMENTS INC,グローバル･ペイメンツ,NYSE,情報処理サービス,○
GPRO,"GOPRO, INC.",ゴープロ,NASDAQ,その他製造,○
GPS,"THE GAP, INC.",ギャップ,NYSE,小売,○
GRA,WR GRACE & CO,Ｗ．Ｒ．グレース,NYSE,化学,○
GRMN,GARMIN LTD,ガーミン,NASDAQ,その他製造,○
GRPN,GROUPON INC,グルーポン,NASDAQ,インターネットサービス,○
GRUB,GRUBHUB INC. ,グラブハブ,NYSE,ソフトウェア・ソフトウェアサービス,○
GRVY,"GRAVITY CO., LTD.",グラヴィティ,NASDAQ,エンターテイメント・メディア,○
GS,"THE GOLDMAN SACHS GROUP, INC.",ゴールドマン・サックス・グループ,NYSE,金融（証券）,○
GSG,iShares S&P GSCI COMMODITY INDEXED TRUST,iシェアーズ S&P GSCI コモディティ・インデックス・トラスト,NYSE Arca,その他,○
GSK,GLAXOSMITHKLINE PLC,グラクソ・スミスクライン,NYSE,医薬品,○
GSP,IPATH S&P GSCI TOTAL RETURN INDEX ETN,iPath S&P GSCIトータルリターン指数ETN,NYSE Arca,その他,○
GT,THE GOODYEAR TIRE & RUBBER COMPANY,グッドイヤー・タイヤ・アンド・ラバー,NASDAQ,自動車・自動車関連,○
GTLS,CHART INDUSTRIES INC,チャート・インダストリーズ,NASDAQ,その他製造,○
GULF,WisdomTree Middle East Dividend Fund,ウィズダムツリー  中東株配当ファンド,NASDAQ,その他,○
GVA,GRANITE CONSTRUCTION INC,グラナイト・コンストラクション,NYSE,複合企業,○
GWW,WW GRAINGER INC,Ｗ・Ｗ・グレインジャー,NYSE,小売,○
H,HYATT HOTELS CORPORATION CL-A,ハイアット・ホテルズ　クラスＡ,NYSE,ホテル・モーテル,○
HABT,"HABIT RESTAURANTS, INC.",ハビット・レストランツ,NASDAQ,外食・レストラン,○
HACK,ETFMG Prime Cyber Security ETF,ETFMG・プライム・サイバー・セキュリティー・ETF,NYSE Arca,その他,○
HAIN,HAIN CELESTIAL GROUP INC,ハイン・セレスチャル・グループ,NASDAQ,食品・飲料,○
HAL,HALLIBURTON COMPANY,ハリバートン,NYSE,石油・ガス・パイプライン,○
HAS,HASBRO INC,ハスブロ,NASDAQ,その他製造,○
HBAN,HUNTINGTON BANCSHARES INC.,ハンティントン・バンクシェアーズ,NASDAQ,金融（銀行）,○
HBI,HANESBRANDS INC,ヘインズブランズ,NYSE,小売,○
HCA,HCA HEALTHCARE,HCA ヘルスケア,NYSE,医療・医療サービス,○
HCSG,HEALTHCARE SERVICES GROUP,ヘルスケア・サービシズ・グループ,NASDAQ,サービス,○
HD,"THE HOME DEPOT, INC.",ホームデポ,NYSE,小売,○
HDB,HDFC BANK LIMITED,ＨＤＦＣバンク,NYSE,金融（銀行）,○
HDS,HD SUPPLY HLDGS INC,HDサプライ・ホールディングス,NASDAQ,複合企業,○
HDV,iShares Core High Dividend ETF,iシェアーズ コア米国高配当株 ETF,NYSE Arca,その他,○
HE,HAWAIIAN ELECTRIC INDS,ハワイアン・エレクトリック・インダストリーズ,NYSE,電機・電力・エネルギー,○
HEDJ,WisdomTree Europe Hedged Equity Fund,ウィズダムツリー  欧州株米ドルヘッジ付ファンド,NYSE Arca,その他,○
HES,HESS CORP,ヘス,NYSE,石油・ガス・パイプライン,○
HEWG,iShares Currency Hedged MSCI Germany ETF,iシェアーズ 米ドルヘッジ MSCI ドイツ ETF,NASDAQ,その他,○
HEWJ,iShares Currency Hedged MSCI Japan ETF,iシェアーズ 米ドルヘッジ MSCI ジャパン ETF,NYSE Arca,その他,○
HEZU,iShares Currency Hedged MSCI Eurozone ETF ,iシェアーズ 米ドルヘッジ MSCI ユーロゾーン ETF,NYSE Arca,その他,○
HFC,HOLLYFRONTIER CORP,ホーリーフロンティアー,NYSE,石油・ガス・パイプライン,○
HGV,Hilton Grand Vacations Inc,ヒルトン・グランド・バケーションズ,NYSE,ホテル・モーテル,○
HI,"HILLENBRAND,INC.",ヒレンブランド,NYSE,サービス,○
HIBB,HIBBETT SPORTS INC,ヒベット・スポーツ,NASDAQ,小売,○
HIG,HARTFORD FINL SV,ハートフォード・フィナンシャル・サービシズ,NYSE,金融（保険）,○
HII,HUNTINGTON INGALLS INDUSTRIE,ハンティントン・インガルス・インダストリーズ,NYSE,その他製造,○
HL,HECLA MINING COMPANY,ヘクラ・マイニング,NYSE,鉄鋼・鉱業,○
HLIT,HARMONIC INC.,ハーモニック,NASDAQ,通信関連,○
HLT,HILTON WORLDWIDE HOLDINGS INC,ヒルトン・ワールドワイド・ホールディングス,NYSE,ホテル・モーテル,○
HMSY,HMS HOLDINGS CORP,ＨＭＳホールディングス,NASDAQ,情報処理サービス,○
HMY,HARMONY GOLD MINING COMPANY LIMITED,ハーモニー・ゴールド・マイニング,NYSE,鉄鋼・鉱業,○
HOG,"HARLEY-DAVIDSON, INC.",ハーレーダビッドソン,NYSE,その他製造,○
HOLX,"HOLOGIC, INC.",ホロジック,NASDAQ,医療機器,○
HON,HONEYWELL INTERNATIONAL INC.,ハネウェル　インターナショナル,NYSE,航空機・宇宙,○
HOS,HORNBECK OFFSHORE SERVICES,ホーンベック・オフショア・サービシーズ,NYSE,運輸,○
HP,"HELMERICH & PAYNE, INC.",ヘルメリッチ・アンド・ペイン,NYSE,石油・ガス・パイプライン,○
HPE,HEWLETT PACKARD ENTERPRISE,ヒューレット・パッカード・エンタープライズ,NYSE,情報処理サービス,○
HPQ,HP INC,HPインク,NYSE,コンピュータ関連,○
HRB,"H&R BLOCK, INC.",Ｈ＆Ｒブロック,NYSE,金融（その他）,○
HRC,HILL-ROM HOLDINGS,ヒルロム,NYSE,トイレタリー・ヘルスケア,○
HRL,HORMEL FOODS CORP,ホーメル・フーズ,NYSE,食品・飲料,○
HRS,HARRIS CORPORATION,ハリス・コーポレーション,NYSE,通信関連,○
HSBC,HSBC HOLDINGS PLC,ＨＳＢＣホールディングス,NYSE,金融（銀行）,○
HSIC,HENRY SCHEIN INC,ヘンリー・シャイン,NASDAQ,トイレタリー・ヘルスケア,○
HSY,HERSHEY CO/THE,ハーシー,NYSE,食品・飲料,○
HTGM,HTG MOLECULAR DIAGNOSTICS,HTGﾓﾚｷｭﾗｰ･ﾀﾞｲｱｸﾞﾉｽﾃｨｸｽ,NASDAQ,医薬品（バイオテクノロジー）,○
HUM,HUMANA INC.,ヒューマナ,NYSE,医療・医療サービス,○
HXL,HEXCEL CORP,ヘクセル,NYSE,航空機・宇宙,○
HYEM,VanEck Vectors Emerging Markets High Yield Bond ETF,ヴァンエック・ベクトル新興国ハイ・イールド債ETF,NYSE Arca,その他,○
HYG,iShares IBOXX $ HIGH YIELD CORPORATE BOND,iシェアーズ iBoxx 米ドル建てハイイールド社債 ETF,NYSE Arca,その他,○
HYH,HALYARD HEALTH INC,ハリヤード・ヘルス,NYSE,医療機器,○
HYND,WisdomTree Negative Duration High Yield Bond Fund,ウィズダムツリー 米国ハイイールド社債ファンド（金利ベア型）,NASDAQ,その他,○
HYZD,WISDOMTREE INTEREST RATE HEDGED HIGH YIELD BOND FUND,ウィズダムツリー 米国ハイイールド社債ファンド（金利ヘッジ型）,NASDAQ,その他,○
I,"INTELSAT, LTD.",インテルサット,NYSE,通信関連,○
IAC,IAC/INTERACTIVECORP,ＩＡＣ／インタラクティブコープ,NASDAQ,インターネットサービス,○
IAG,IAMGOLD CORP,イアムゴールド,NYSE,鉄鋼・鉱業,○
IAU,iShares GOLD TRUST,iシェアーズ ゴールド・トラスト,NYSE Arca,その他,○
IBB,iShares NASDAQ BIOTECHNOLOGY INDEX,iシェアーズ NASDAQ バイオテクノロジー ETF,NASDAQ,その他,○
IBKR,"INTERACTIVE BROKERS GROUP, INC.",インタラクティブ・ブローカーズ・グループ,NASDAQ,金融（証券）,○
IBM,INTERNATIONAL BUSINESS MACHINES CORPORATION,ＩＢＭ,NYSE,コンピュータ関連,○
IBN,ICICI BANK LIMITED,ＩＣＩＣＩバンク,NYSE,金融（銀行）,○
IBOC,INTERNATIONAL BANCSHARES CRP,インターナショナル・バンクシェアーズ,NASDAQ,金融（銀行）,○
ICE,INTERCONTINENTALEXCHANGE INC,インターコンチネンタル・エクスチェンジ,NYSE,サービス,○
ICHR,ICHOR HOLDINGS,コル・ホールディングス,NASDAQ,半導体関連,○
ICLN,iShares S&P GLOBAL CLEAN ENERGY INDEX FUND ,iシェアーズ グローバル・クリーンエネルギー ETF,NASDAQ,その他,○
IDA,IDACORP INC,アイダコープ,NYSE,電機・電力・エネルギー,○
IDCC,INTERDIGITAL INC,インターデジタル,NASDAQ,通信関連,○
IDHQ,Invesco S&P International Developed Quality ETF,インベスコ　S&P 世界先進国クオリティ・ポートフォリオ,NYSE Arca,その他,○
IDTI,"INTEGRATED DEVICE TECHNOLOGY, INC.",インテグレーテッド・デバイス・テクノロジー (IDT),NASDAQ,半導体関連,○
IDX,VanEck Vectors Indonesia Index ETF,ヴァンエック・ベクトル・インドネシア・インデックスETF,NYSE Arca,その他,○
IDXX,"IDEXX LABORATORIES, INC.",アイデックス　ラボラトリーズ,NASDAQ,トイレタリー・ヘルスケア,○
IEF,iShares 7‐10 Year Treasury Bond ETF,iシェアーズ 米国国債 7-10年 ETF,NASDAQ,その他,○
IEMG,iShares Core MSCI Emerging Markets ETF,iシェアーズ コア　MSCI エマージング・マーケット ETF,NYSE Arca,その他,○
IEV,iShares Europe ETF,iシェアーズ ヨーロッパ ETF,NYSE Arca,その他,○
IFF,"INTERNATIONAL FLAVORS & FRAGRANCES, INC.",インターナショナル・フレーバー・アンド・フレグランス,NYSE,化学,○
IFGL,ISHARES FTSE EPRA/NAREIT DEVELOPED REAL ESTATE EX-U.S. INDEX FUND ,iシェアーズ 先進国（除く米国） REIT ETF,NASDAQ,その他,○
IGF,iShares Global Infrastructure ETF,iシェアーズ グローバル・インフラ ETF,NASDAQ,その他,○
IGOV,iShares International Treasury Bond ETF,iシェアーズ 世界国債（除く米国）ETF,NASDAQ,その他,○
IGT,INTERNATIONAL GAME TECHNOLOGY PLC,インターナショナル・ゲーム・テクノロジー,NYSE,エンターテイメント・メディア,○
IHG,INTERCONTINENTAL HOTELS-ADR,インターコンチネンタルホテルズグループ,NYSE,ホテル・モーテル,○
IHY,VanEck Vectors International High Yield Bond ETF,ヴァンエック・ベクトル国際ハイ・イールド債ETF,NYSE Arca,その他,○
IIJI,INTERNET INITIATIVE JAPAN INC.,インターネットイニシアティブ (IIJ),NASDAQ,通信関連,○
IIVI,II-VI INCORPORATED,ツー・シックス,NASDAQ,その他製造,○
IJH,iShares S&P MIDCAP 400,iシェアーズ S&P 中型株 ETF,NYSE Arca,その他,○
IJR,iShares S&P SMALLCAP 600,iシェアーズ S&P 小型株 ETF,NYSE Arca,その他,○
ILF,iShares S&P LATIN AMERICA 40,iシェアーズ ラテンアメリカ 40 ETF,NYSE Arca,その他,○
ILG,ILG INC,ILG,NASDAQ,サービス,○
ILMN,"ILLUMINA, INC.",イルミナ,NASDAQ,医薬品（バイオテクノロジー）,○
IMGN,"IMMUNOGEN, INC.",イミュノジェン,NASDAQ,医薬品,○
IMPV,IMPERVA INC,インパーバ,NASDAQ,ソフトウェア・ソフトウェアサービス,○
INCY,INCYTE CORPORATION,インサイト,NASDAQ,ソフトウェア・ソフトウェアサービス,○
INDL,DIREXION DAILY INDIA BULL 3X SHARES,Direxion デイリー インド株 ブル3倍 ETF,NYSE Arca,その他,○
INFY,INFOSYS TECHNOLOGIES LIMITED,インフォシス・テクノロジーズ,NYSE,ソフトウェア・ソフトウェアサービス,○
ING,ING GROEP N.V.,ＩＮＧグループ,NYSE,金融（保険）,○
INGR,INGREDION INCORPORATED,イングレディオン,NYSE,その他製造,○
INKM,SPDR SSgA Income Allocation ETF,SPDR　SSgA インカム・アロケーション ETF,NYSE Arca,その他,○
INT,WORLD FUEL SERVICES CORP,ワールド・ヒュエル・サービシーズ,NYSE,電機・電力・エネルギー,○
INTC,INTEL CORPORATION,インテル,NASDAQ,半導体関連,○
INTU,INTUIT INC.,インテュイット,NASDAQ,ソフトウェア・ソフトウェアサービス,○
INXN,INTERXION HOLDING NV,インターシオン・ホールディング,NYSE,サービス,○
IOO,iShares S&P GLOBAL 100,iシェアーズ グローバル 100 ETF,NYSE Arca,その他,○
IP,INTERNATIONAL PAPER COMPANY,インターナショナル・ペーパー,NYSE,紙・パルプ,○
IPG,"THE INTERPUBLIC GROUP OF COMPANIES, INC.",インターパブリック・グループ・オブ・カンパニーズ,NYSE,サービス,○
IPGP,IPG PHOTONICS CORPORATION,アイ・ピー・ジーフォトニクス,NASDAQ,電機・電力・エネルギー,○
IQ,"IQIYI, INC.",アイチーイー,NASDAQ,エンターテイメント・メディア,○
IQV,IQIVA HOLDINGS INC,IQIVA・ホールディングス,NYSE,医療・医療サービス,○
IR,INGERSOLL-RAND PLC,インガソール・ランド,NYSE,その他製造,○
IRBT,IROBOT CORPORATION,アイロボット,NASDAQ,その他製造,○
ISRG,INTUITIVE SURGIC,インテューイティブ・サージカル,NASDAQ,医療・医療サービス,○
IT,GARTNER INC,ガートナー,NYSE,情報処理サービス,○
ITE,SPDR Bloomberg Barclays Intermediate Term Treasury ETF,SPDR ブルームバーグ・バークレイズ 米国中期国債 ETF,NYSE Arca,その他,○
ITUB,ITAU UNIBANC-ADR,イタウ・ウニバンコ・ホールディング,NYSE,金融（銀行）,○
ITW,ILLINOIS TOOL WO,ＩＴＷ（イリノイ・ツール・ワークス）,NYSE,39,○
IVOG,VANGUARD S&P MID-CAP 400 GROWTH ETF,バンガード・S&Pミッドキャップ400グロースETF,NYSE Arca,その他,○
IVOO,VANGUARD S&P MID-CAP 400 ETF,バンガード・S&Pミッドキャップ400 ETF,NYSE Arca,その他,○
IVOV,VANGUARD S&P MID-CAP 400 VALUE ETF,バンガード・S&Pミッドキャップ400バリューETF,NYSE Arca,その他,○
IVV,iShares Core S&P 500 ETF,iシェアーズ・コア S&P 500 ETF,NYSE Arca,その他,○
IVZ,INVESCO LTD.,インベスコ,NYSE,金融（証券）,○
IWM,iShares RUSSELL 2000 INDEX,iシェアーズ ラッセル 2000 ETF,NYSE Arca,その他,○
IXC, iShares Global Energy ETF,iシェアーズ グローバル・エネルギー ETF,NYSE Arca,その他,○
IXG,iShares Global Financials ETF,iシェアーズ グローバル金融 ETF,NYSE Arca,その他,○
IXJ, iShares Global Healthcare ETF,iシェアーズ グローバル・ヘルスケア ETF,NYSE Arca,その他,○
IXN, iShares Global Tech ETF,iシェアーズ グローバル・テクノロジー ETF,NYSE Arca,その他,○
IXP,iShares Global Telecom ETF,iシェアーズ グローバル電気通信 ETF,NYSE Arca,その他,○
IYR,iShares U.S. Real Estate ETF,iシェアーズ 米国不動産 ETF,NYSE Arca,その他,○
JACK,JACK IN THE BOX INC,ジャック・イン・ザ・ボックス,NASDAQ,外食・レストラン,○
JAZZ,JAZZ PHARMACEUTICALS PLC,ジャズ・ファーマシューティカルズ,NASDAQ,医薬品（バイオテクノロジー）,○
JBHT,HUNT (JB) TRANSPRT SVCS INC,ＪＢハント・トランスポート・サービシズ,NASDAQ,運輸,○
JBSS,"JOHN B. SANFILIPPO & SON, INC",ジョンＢサンフィリッポ・アンド・サン,NASDAQ,食品・飲料,○
JCI,JOHNSON CONTROLS,ジョンソンコントロールズ,NYSE,複合企業,○
JCP,"J. C. PENNEY COMPANY, INC.",ＪＣペニー,NYSE,小売,○
JD,"JD.COM, INC.",JD.COM（京東商城）,NASDAQ,小売,○
JEC,JACOBS ENGINEERING GROUP INC,ジェイコブズ・エンジニアリング,NYSE,複合企業,○
JEF,JEFFERIES FINANCIAL GROUP INC.,ジェフリーズ・ファイナンシャル・グループ,NYSE,複合企業,○
JEF,JEFFERIES FINANCIAL GROUP INC.,ジェフリーズ・ファイナンシャル・グループ,NYSE,複合企業,○
JELD,"JELD-WEN HOLDING, INC.",ジェルド・ウェン・ホールディング,NYSE,その他製造,○
JILL,"J.JILL, INC.",ジェイ・ジル,NYSE,小売,○
JJAB,iPath Series B Bloomberg Agriculture Subindex Total Return ETN,iPath シリーズB ブルームバーグ農産物サブ指数トータルリターンETN,NYSE Arca,その他,○
JJCB,iPath Series B Bloomberg Copper Subindex Total Return ETN,iPath シリーズB ブルームバーグ銅サブ指数トータルリターンETN,NYSE Arca,その他,○
JJGB,iPath Series B Bloomberg Grains Subindex Total Return ETN,iPath シリーズB ブルームバーグ穀物サブ指数トータルリターンETN,NYSE Arca,その他,○
JJMB,iPath Series B Bloomberg Industrial Metals Subindex Total Return ETN,iPath  シリーズB ブルームバーグ産業用金属サブ指数トータルリターンETN,NYSE Arca,その他,○
JKHY,JACK HENRY & ASSOCIATES INC,ジャック・ヘンリー・アンド・アソシエーツ,NASDAQ,コンピュータ関連,○
JMU,WOWO LTD,WOWO（55.com）,NASDAQ,インターネットサービス,○
JNJ,JOHNSON & JOHNSON,ジョンソン・エンド・ジョンソン,NYSE,トイレタリー・ヘルスケア,○
JNK,SPDR Bloomberg Barclays High Yield Bond ETF,SPDR ブルームバーグ・バークレイズ・ハイ・イールド債券 ETF,NYSE Arca,その他,○
JNPR,"JUNIPER NETWORKS, INC.",ジュニパーネットワークス,NYSE,ネットワーク・ネットワークセキュリティ,○
JOBS,"51JOB, INC.",５１ジョブ,NASDAQ,サービス,○
JPM,JPMORGAN CHASE & CO.,ＪＰモルガン・チェース,NYSE,金融（銀行）,○
JWN,"NORDSTROM, INC.",ノードストローム,NYSE,小売,○
JXI,iShares Global Utilities ETF,iシェアーズ グローバル公益事業 ETF,NYSE Arca,その他,○
K,KELLOGG COMPANY,ケロッグ,NYSE,食品・飲料,○
KB,KB FINANCIAL-ADR,ＫＢフィナンシャル・グループ,NYSE,金融（銀行）,○
KBH,KB HOME,ＫＢホーム,NYSE,その他,○
KBR,KBR INC,KBR,NYSE,その他製造,○
KEP,KOREA ELECTRIC POWER CORPORATION,コリア・エレクトリック・パワー,NYSE,電機・電力・エネルギー,○
KEYS,KEYSIGHT TECHNOLOGIES INC,キイサイト・テクノロジー,NYSE,その他製造,○
KEYW,THE KEYW HOLDING　CORPORATION,KEYWホールディング,NASDAQ,ネットワーク・ネットワークセキュリティ,○
KGC,KINROSS GOLD CORPORATION,キンロス・ゴールド,NYSE,鉄鋼・鉱業,○
KHC,THE KRAFT HEINZ COMPANY,クラフト・ハインツ,NASDAQ,食品・飲料,○
KLAC,KLA-TENCOR CORPORATION,ケーエルエー・テンコール,NASDAQ,半導体関連,○
KLXI,KLX INC,KLX,NASDAQ,航空,○
KMB,KIMBERLY-CLARK CORPORATION,キンバリークラーク,NYSE,トイレタリー・ヘルスケア,○
KMI,KINDER MORGAN INC,キンダーモルガン,NYSE,石油・ガス・パイプライン,○
KMX,"CARMAX, INC.",カーマックス,NYSE,小売,○
KN,KNOWLES CORP,クノールズ,NYSE,通信関連,○
KNOW,DIREXION ALL CAP INSIDER SENTIMENT SHARES,Direxion インサイダー・センチメント ETF,NYSE Arca,その他,○
KNX,KNIGHT SWIFT TRANSPORTATION,ナイト・スウィフト・トランスポテーション,NYSE,運輸,○
KO,THE COCA-COLA COMPANY,コカ・コーラ,NYSE,食品・飲料,○
KOL,VanEck Vectors Coal ETF,ヴァンエック・ベクトル・石炭株 ETF,NYSE Arca,その他,○
KOPN,KOPIN CORPORATION,コピン,NASDAQ,半導体関連,○
KORS,MICHAEL KORS HOLDINGS LTD,マイケル　コース,NYSE,小売,○
KOS,Kosmos Energy Ltd,コスモス・エナジー,NYSE,石油・ガス・パイプライン,○
KR,KROGER CO,クローガー,NYSE,小売,○
KSS,KOHL'S CORPORATION,コールズ,NYSE,小売,○
KSU,KANSAS CITY SOUTHERN,カンザスシティー・サザン,NYSE,運輸,○
KT,KT CORPORATION,ＫＴ,NYSE,通信関連,○
KXI,iShares Global Consumer Staples ETF,iシェアーズ グローバル生活必需品 ETF,NYSE Arca,その他,○
L,LOEWS CORPORATION,ロウズ,NYSE,金融（保険）,○
LABD,DIREXION DAILY S&P BIOTECH BEAR 3X SHARES,Direxion デイリー S&P バイオテック株 ベア3倍 ETF,NYSE Arca,その他,○
LABU,DIREXION DAILY S&P BIOTECH BULL 3X SHARES,Direxion デイリー S&P バイオテック株 ブル3倍 ETF,NYSE Arca,その他,○
LAUR,"LAUREATE EDUCATION, INC.",ロレッテ・エデュケーション,NASDAQ,ソフトウェア・ソフトウェアサービス,○
LB,"L BRANDS, INC.",Lブランズ,NYSE,小売,○
LBTYA,LIBERTY GLOBAL PLC CLASS A,リバティ ・グローバル　クラスA,NASDAQ,通信関連,○
LC,LENDINGCLUB CORP,レンディングクラブ,NYSE,金融（その他）,○
LDOS,"LEIDOS HOLDINGS, INC.",レイドス・ホールディングス,NYSE,情報処理サービス,○
LE,LANDS' END INC,ランズ　エンド,NASDAQ,小売,○
LEA,LEAR CORPORATION,リア,NYSE,その他製造,○
LECO,LINCOLN ELECTRIC HOLDINGS,リンカーン・エレクトリック・ホールディングズ,NASDAQ,その他製造,○
LEG,LEGGETT & PLATT INC,レゲットアンドプラット,NYSE,その他製造,○
LEMB,i Shares J.P. Morgan EM Local Currency Bond ETF,iシェアーズ J.P.モルガン・現地通貨建てエマージング・マーケット債券 ETF,NYSE Arca,その他,○
LEN,LENNAR CORP-A,レナー,NYSE,その他,○
LFC,CHINA LIFE-ADR,中国人寿保険　［チャイナ・ライフ・インシュアランス］,NYSE,金融（保険）,○
LFGR,LEAF GROUP LTD,リーフ・グループ,NYSE,エンターテイメント・メディア,○
LH,LABORATORY  CRP OF AMERICA HLDG,ラボラトリー・コープ・オブ・アメリカ・ホールディングス,NYSE,医療・医療サービス,○
LILA,LIBERTY LATIN AMERICA LTC,リバティ・ラテン・アメリカ,NASDAQ,通信関連,○
LITE,LUMENTUM HOLDINGS INC,ルメンタム・ホールディングス,NASDAQ,その他製造,○
LIVN,LIVANOVA PLC,リワノワ,NASDAQ,医療機器,○
LKQ,LKQ CORP,ＬＫＱ,NASDAQ,金融（保険）,○
LLL,L-3 COMM HLDGS,Ｌ３コミュニケーションズ・ホールディングズ,NYSE,航空機・宇宙,○
LLY,ELI LILLY AND COMPANY,イーライリリー,NYSE,医薬品,○
LMNX,Luminex Corporation ,ルミネックス,NASDAQ,医療機器,○
LMT,LOCKHEED MARTIN CORPORATION,ロッキード・マーチン,NYSE,航空機・宇宙,○
LN,LINE CORPORATION,LINE,NYSE,通信関連,○
LNC,LINCOLN NATIONAL CORPORATION,リンカーン・ナショナル,NYSE,金融（保険）,○
LNT,ALLIANT ENERGY CORP,アライアント・エナジー,NYSE,電機・電力・エネルギー,○
LOGM,Logmeln Inc,ログミーイン,NASDAQ,ネットワーク・ネットワークセキュリティ,○
LOW,LOWE'S COS INC,ロウズ・カンパニーズ,NYSE,小売,○
LPL,LG DISPLAY-ADR,ＬＧディスプレイ,NYSE,その他製造,○
LPLA,LPL FINANCIAL HOLDINGS INC,ＬＰＬインベストメント・ホールディングス,NASDAQ,ソフトウェア・ソフトウェアサービス,○
LQD, iShares iBoxx $ Investment Grade Corporate Bond ETF,iシェアーズ iBoxx 米ドル建て投資適格社債 ETF,NYSE Arca,その他,○
LQDT,LIQUIDITY SERVICES INC,リクイディティ・サービシズ,NASDAQ,サービス,○
LRCX,LAM RESEARCH CORPORATION,ラムリサーチ,NASDAQ,半導体関連,○
LSCC,LATTICE SEMICONDUCTOR CORPORATION,ラティス・セミコンダクター,NASDAQ,半導体関連,○
LSTR,LANDSTAR SYSTEM INC,ランドスター・システム,NASDAQ,運輸,○
LULU,LULULEMON ATHLETICA INC,ルルレモン・アスレティカ,NASDAQ,小売,○
LUV,SOUTHWEST AIRLINES CO.,サウスウエスト・エアライン,NYSE,航空,○
LVS,LAS VEGAS SANDS CORP.,ラスベガス・サンズ,NYSE,ホテル・モーテル,○
LW,LAMB WESTON HOLDINGS,ラム・ウェストン・ホールディングス,NYSE,食品・飲料,○
LXRX,"LEXICON PHARMACEUTICALS, INC.",レキシコン・ファーマシューティカルズ,NASDAQ,バイオ,○
LYG,LLOYDS BANKING GROUP PLC,ロイズ・バンキング・グループ,NYSE,金融（銀行）,○
LYV,LIVE NATION ENTERTAINMENT,ライブ・ネーション・エンターテインメント,NYSE,エンターテイメント・メディア,○
M,MACY'S INC,メーシーズ,NYSE,小売,○
MA,MASTERCARD INCORPORATED,マスターカード,NYSE,金融（カード）,○
MAGS,MAGAL SECURITY SYSTEMS,マガール・セキュリティ・システムズ,NASDAQ,ネットワーク・ネットワークセキュリティ,○
MANU,MANCHESTER UNITED LTD,マンチェスター・ユナイテッド,NYSE,エンターテイメント・メディア,○
MAR,"MARRIOTT INTERNATIONAL, INC.",マリオット・インターナショナル,NASDAQ,ホテル・モーテル,○
MAS,MASCO CORP,マスコ・コーポレーション,NYSE,サービス,○
MAT,"MATTEL, INC.",マテル,NASDAQ,エンターテイメント・メディア,○
MATX,MATSON INC,マットソン,NYSE,インターネットサービス,○
MBB,iShares BARCLAYS MBS BOND FUND,iシェアーズ 米国 MBS ETF,NASDAQ,その他,○
MBFI,MB FINANCIAL INC,ＭＢファイナンシャル,NASDAQ,金融（銀行）,○
MBT,MOBILE TELESYSTEMS OJSC,モバイル・テレシステムズ,NYSE,通信関連,○
MCD,MCDONALD'S CORPORATION,マクドナルド,NYSE,外食・レストラン,○
MCHP,MICROCHIP TECHNOLOGY INC,マイクロチップ・テクノロジー,NASDAQ,半導体関連,○
MCK,MCKESSON CORP,マケッソン,NYSE,トイレタリー・ヘルスケア,○
MCO,MOODY'S CORPORATION,ムーディーズ,NYSE,金融（その他）,○
MDC,MDC HOLDINGS INC,ＭＤＣホールディングズ,NYSE,その他製造,○
MDCO,MEDICINES COMPANY,メディシンズ・カンパニー,NASDAQ,医療機器,○
MDLZ,MONDELEZ INTERNATIONAL INC,モンデリーズ・インターナショナル,NASDAQ,食品・飲料,○
MDP,MEREDITH CORP,メレディス,NYSE,コンピュータ関連,○
MDR,"MCDERMOTT INTERNATIONAL, INC.",マグダーモット・インターナショナル,NYSE,石油・ガス・パイプライン,○
MDT,MEDTRONIC PLC,メドトロニック,NYSE,医療機器,○
MELI,MERCADOLIBRE INC,メルカドリブレ,NASDAQ,小売,○
MET,METLIFE INC,メットライフ,NYSE,金融（保険）,○
MFC,MANULIFE FIN,マニュライフ・ファイナンシャル,NYSE,金融（保険）,○
MFGP,MICRO FOCUS INTERNATIONAL,マイクロ・フォーカス・インターナショナル,NYSE,情報処理サービス,○
MGC,VANGUARD MEGA CAP ETF,バンガード・米国メガキャップETF,NYSE Arca,その他,○
MGK,VANGUARD MEGA CAP GROWTH ETF,バンガード・米国メガキャップ・グロースETF,NYSE Arca,その他,○
MGM,MGM RESORTS INTE,ＭＧＭリゾート・インタナショナル,NYSE,ホテル・モーテル,○
MGV,VANGUARD MEGA CAP VALUE ETF,バンガード・米国メガキャップ・バリューETF,NYSE Arca,その他,○
MHK,MOHAWK INDUSTRIES INC,モホーク・インダストリーズ,NYSE,その他製造,○
MINI,"MOBILE MINI, INC",モバイル・ミニ,NASDAQ,サービス,○
MKC,MCCORMICK & CO-NON VTG SHRS,マコーミック,NYSE,食品・飲料,○
MKL,MARKEL CORPORATION,マーケル,NYSE,金融（保険）,○
MKSI,MKS INSTRUMENTS INC,ＭＫＳインスツルメンツ,NASDAQ,その他製造,○
MLCO,MELCO RESORTS & ENTERTAIMENT LTD,メルコ・リゾーツ・エンターテイメント,NASDAQ,ホテル・モーテル,○
MLM,MARTIN MARIETTA MATERIALS INC,マーチン・マリエッタ・マテリアルズ,NYSE,その他製造,○
MLNX,MELLANOX TECHNOLOGIES LTD,メラノックス・テクノロジーズ,NASDAQ,その他製造,○
MMC,"MARSH & MCLENNAN COMPANIES, INC.",マーシュ　アンド　マクレナン,NYSE,金融（保険）,○
MMM,3M COMPANY,スリーエム,NYSE,その他製造,○
MMYT,MAKEMYTRIP LIMITED,メイクマイトリップ,NASDAQ,ソフトウェア・ソフトウェアサービス,○
MNK,MALLINCKRODT PLC,マリンクロット,NYSE,医薬品,○
MNKD,MANNKIND CORPORATION,マンカインド,NASDAQ,医薬品（バイオテクノロジー）,○
MNST,MONSTER BEVERAGE CORP,モンスタービバレッジ,NASDAQ,食品・飲料,○
MO,"ALTRIA GROUP, INC.",アルトリア・グループ,NYSE,食品・飲料,○
MOAT,VanEck Vectors Morningstar Wide Moat ETF,ヴァンエック・ベクトル・モーニングスター・ワイド・モートETF,NYSE Arca,その他,○
MOH,"MOLINA HEALTHCARE, INC.",モリナ・ヘルスケア,NYSE,トイレタリー・ヘルスケア,○
MOMO,MOMO INC,モモ,NASDAQ,ソフトウェア・ソフトウェアサービス,○
MOO,VanEck Vectors Agribusiness ETF,ヴァンエック・ベクトル・アグリビジネスETF,NYSE Arca,その他,○
MOS,MOSAIC CO/THE,モザイク,NYSE,化学,○
MPC,MARATHON PETROLEUM,マラソン・ペトロリアム,NYSE,石油・ガス・パイプライン,○
MRAM,EVERSPIN TECHNOLOGIES INC,エバースピン・テクノロジー,NASDAQ,コンピュータ関連,○
MRK,"MERCK & CO., INC.",メルク,NYSE,医薬品,○
MRO,MARATHON OIL,マラソン・オイル,NYSE,石油・ガス・パイプライン,○
MRVL,MARVELL TECHNOLOGY GROUP LTD.,マーベル・テクノロジー・グループ,NASDAQ,半導体関連,○
MS,MORGAN STANLEY,モルガン・スタンレー,NYSE,金融（証券）,○
MS,MORGAN STANLEY,モルガン・スタンレー,NYSE,金融（証券）,○
MSCI,MSCI INC,ＭＳＣＩ,NYSE,金融（その他）,○
MSFT,MICROSOFT CORPORATION,マイクロソフト,NASDAQ,ソフトウェア・ソフトウェアサービス,○
MSG,MADISON SQUARE GARDEN CO-A,マディソン・スクエア・ガーデン,NYSE,エンターテイメント・メディア,○
MSGN,MSG NETWORK INC.,MSGネットワーク,NYSE,エンターテイメント・メディア,○
MSI,MOTROLA SOLUTIONS,モトローラ　ソリューションズ,NYSE,通信関連,○
MT,ARCELORMITTAL,アルセロール・ミタル,NYSE,鉄鋼・鉱業,○
MTB,M&T BANK CORPORATION,Ｍ＆Ｔバンク,NYSE,金融（銀行）,○
MTCH,"MATCH GROUP, INC.",マッチ・グループ,NASDAQ,インターネットサービス,○
MTD,"METTLER-TOLEDO INTERNATIONAL, INC",メトラー・トレド・インターナショナル,NYSE,その他製造,○
MTEX,"MANNATECH, INCORPORATED",マナテック,NASDAQ,医薬品,○
MTH,MERITAGE HOMES CORP,メリテージ・ホームズ,NYSE,その他製造,○
MTL,MECHEL OAO,メシェル,NYSE,鉄鋼・鉱業,○
MTN,VAIL RESORTS INC,ベイル・リゾーツ,NYSE,サービス,○
MTSI,MACOM Technology Solutions Holdings Inc,メイコム・テクノロジー・ソリューションズ・ホールディングス,NASDAQ,半導体関連,○
MU,"MICRON TECHNOLOGY, INC.",マイクロン　テクノロジー,NASDAQ,半導体関連,○
MXI,iShares Global Materials ETF,iシェアーズ グローバル素材 ETF,NYSE Arca,その他,○
MXIM,MAXIM INTEGRATED,マキシム・インテグレーテッド・プロダクツ,NASDAQ,半導体関連,○
MYGN,"MYRIAD GENETICS, INC.",ミリアド・ジェネティックス,NASDAQ,医薬品（バイオテクノロジー）,○
NAVI,NAVIENT CORP,ナビエント,NASDAQ,サービス,○
NBL,"NOBLE ENERGY, INC.",ノーブル・エナジー,NYSE,石油・ガス・パイプライン,○
NCLH,NORWEGIAN CRUISE LINE HOLDINGS LTD.,ノルウェージャン・クルーズ・ライン,NYSE,サービス,○
NCR,NCR CORPORATION,エヌ・シー・アール,NYSE,コンピュータ関連,○
NCTY,THE9 LIMITED,ザナイン,NASDAQ,エンターテイメント・メディア,○
NDAQ,"NASDAQ, INC.",ナスダック,NASDAQ,金融（その他）,○
NDLS,NOODLES & COMPANY ,ヌードル・アンド・カンパニー,NASDAQ,外食・レストラン,○
NE,NOBLE CORP,ノーブル,NYSE,石油・ガス・パイプライン,○
NEE,NEXTERA ENERGY,ネクステラ・エナジー,NYSE,電機・電力・エネルギー,○
NEM,NEWMONT MINING CORPORATION,ニューモント・マイニング,NYSE,鉄鋼・鉱業,○
NFG,NATIONAL FUEL GAS COMPANY,ナショナル・フューエル・ガス,NYSE,石油・ガス・パイプライン,○
NFLX,NETFLIX INC.,ネットフリックス,NASDAQ,小売,○
NGG,NATIONAL GRI-ADR,ナショナル・グリッド,NYSE,電機・電力・エネルギー,○
NI,NISOURCE INC,ナイソース,NYSE,電機・電力・エネルギー,○
NIB,IPATH BLOOMBERG COCOA SUBINDEX TOTAL RETURN ETN,iPathブルームバーグ・カカオ・サブ指数トータルリターンETN,NYSE Arca,その他,○
NKE,"NIKE, INC.",ナイキ,NYSE,小売,○
NLR,VanEck Vectors Uranium+Nuclear Energy ETF,ヴァンエック・ベクトル・ウラン＋原子力エネルギーETF,NYSE Arca,その他,○
NLSN,NIELSEN HOLDINGS PLC,ニールセン・ホールディングス,NYSE,サービス,○
NOAH,NOAH HOLDING-ADS,ノアホールディングス,NYSE,金融（その他）,○
NOC,NORTHROP GRUMMAN CORPORATION,ノースロップ・グラマン,NYSE,航空機・宇宙,○
NOK,NOKIA CORPORATION,ノキア,NYSE,通信関連,○
NOV,NATL OILWELL VAR,ナショナル・オイルウエル・バーコ,NYSE,石油・ガス・パイプライン,○
NOW,SERVICENOW INC ,サービスナウ,NYSE,ソフトウェア・ソフトウェアサービス,○
NP,NEENAH INC.,ニーナ,NYSE,トイレタリー・ヘルスケア,○
NRG,NRG ENERGY INC.,NRGエナジー,NYSE,電機・電力・エネルギー,○
NSC,NORFOLK SOUTHERN,ノーフォーク・サザン,NYSE,運輸,○
NTAP,"NETAPP, INC.",ネットアップ,NASDAQ,ネットワーク・ネットワークセキュリティ,○
NTES,NETEASE INC-ADR,ネットイーズ,NASDAQ,インターネットサービス,○
NTNX,NUTANIX INC,ニュータニックス,NASDAQ,ソフトウェア・ソフトウェアサービス,○
NTR,Nutrien Ltd,ニュートリエン,NYSE,その他,○
NTRS,NORTHERN TRUST,ノーザン・トラスト,NASDAQ,金融（銀行）,○
NUAN,"NUANCE COMMUNICATIONS, INC.",ニュアンスコミュニケーションズ,NASDAQ,ソフトウェア・ソフトウェアサービス,○
NUE,NUCOR CORP,ニューコア,NYSE,鉄鋼・鉱業,○
NUGT,DIREXION DAILY GOLD MINERS BULL 3X SHARES,Direxion デイリー 金鉱株 ブル3倍 ETF,NYSE Arca,その他,○
NUS,"NU SKIN ENTERPRISES, INC.",ニュー　スキン　エンタープライズ,NYSE,小売,○
NVDA,NVIDIA CORPORATION,エヌビディア,NASDAQ,半導体関連,○
NVLN,Novelion Therapeutics Inc,ノベリオン・セラピューティクス,NASDAQ,医療・医療サービス,○
NVO,NOVO-NORDISK-ADR,ノボ・ノルディスク,NYSE,医薬品,○
NVR,"NVR, INC.",ＮＶＲ,NYSE,その他製造,○
NVS,NOVARTIS INC.,ノバルティス,NYSE,医薬品,○
NVT,NVENT ELECTRIC PLC,エヌヴェント・エレクトリック,NYSE,その他製造,○
NVTA,INVITAE CORPORATION,インビティ,NYSE,医療・医療サービス,○
NWL,NEWELL BRANDS INC,ニューウェル・ブランズ,NYSE,小売,○
NWS,NEWS CORP CL-B,ニューズ・コーポレーション,NASDAQ,その他,○
NWSA,NEWS CORPORATION CL-A,ニューズ・コーポレーション クラスＡ,NASDAQ,エンターテイメント・メディア,○
NXPI,NXP SEMICONDUCTO,ＮＸＰセミコンダクターズ,NASDAQ,半導体関連,○
OAS,OASIS PETROLEUM,オアシス石油,NYSE,石油・ガス・パイプライン,○
OC,OWENS CORNING INC,オーウェンス・コーニング,NYSE,その他製造,○
OCLR,OCLARO INC,オクラロ,NASDAQ,半導体関連,○
OCN,OCWEN FINANCIAL CORP,Ｏｃｗｅｎファイナンシャル,NYSE,金融（その他）,○
ODFL,OLD DOMINION FREIGHT LINE,オールド・ドミニオン・フレイト・ライン,NASDAQ,運輸,○
ODP,"OFFICE DEPOT, INC.",オフィス・デポ,NASDAQ,小売,○
OEF,iShares S&P 100 ETF,iシェアーズ S&P 100 ETF,NYSE Arca,その他,○
OGE,OGE ENERGY CORP.,ＯＧＥエナジー,NYSE,電機・電力・エネルギー,○
OIH,VanEck Vectors Oil Services ETF,ヴァンエック・ベクトル・石油サービスETF,NYSE Arca,その他,○
OII,OCEANEERING INTL INC,オーシャニアリング・インターナショナル,NYSE,複合企業,○
OILB,iPath Series B S&P GSCI Crude Oil Total Return Index ETN,iPath シリーズB S&P GSCI原油トータルリターン指数ETN,NYSE Arca,その他,○
OKE,ONEOK INC,ＯＮＥＯＫ,NYSE,電機・電力・エネルギー,○
OLED,UNIVERSALDISPLAY,ユニバーサル・ディスプレイ,NASDAQ,コンピュータ関連,○
OMC,OMNICOM GROUP INC.,オムニコム・グループ,NYSE,サービス,○
ON,ON SEMICONDUCTOR CORPORATION,オン・セミコンダクター,NASDAQ,半導体関連,○
ONB,OLD NATIONAL BANCORP,オールド・ナショナル・バンコープ／ＩＮ,NASDAQ,金融（銀行）,○
OPHT,OPHTHOTECH CORP,オフソテック,NASDAQ,医薬品,○
ORCL,ORACLE CORPORATION,オラクル,NYSE,ソフトウェア・ソフトウェアサービス,○
ORLY,O'REILLY AUTOMOTIVE INC,オライリー・オートモーティブ,NASDAQ,自動車・自動車関連,○
OSPN,OneSpan Inc.,ワンスパン,NASDAQ,ネットワーク・ネットワークセキュリティ,○
OSTK,OVERSTOCK COM,オーバーストック,NASDAQ,小売,○
OTEX,OPEN TEXT CORP,オープンテキスト,NASDAQ,ソフトウェア・ソフトウェアサービス,○
OTIC,OTONOMY INC,オトノミ,NASDAQ,医薬品（バイオテクノロジー）,○
OXY,OCCIDENTAL PETROLEUM CORPORATION,オキシデンタル・ペトロリアム,NYSE,石油・ガス・パイプライン,○
P,PANDORA MEDIA INC.,パンドラメディア,NYSE,エンターテイメント・メディア,○
PAAS,PAN AMERICAN SILVER CORP.,パン・アメリカン・シルバー,NASDAQ,鉄鋼・鉱業,○
PAF,Invesco FTSE RAFI Asia Pacific ex- Japan ETF,インベスコFTSE RAFI　アジア太平洋（日本を除く）ポートフォリオ,NYSE Arca,その他,○
PANW,PALO ALTO NETWORKS,パロ アルト ネットワークス,NYSE,ソフトウェア・ソフトウェアサービス,○
PAYX,"PAYCHEX, INC.",ペイチェックス,NASDAQ,金融（その他）,○
PBD,Invesco Global Clean Energy ETF,インベスコ・グローバル・クリーン・エネルギー・ポートフォリオ,NYSE Arca,その他,○
PBH,"PRESTIGE BRANDS HOLDINGS, INC.",プレステージ・ブランツ・ホールディングス,NYSE,医薬品,○
PBI,PITNEY BOWES INC,ピツニーボウズ,NYSE,ソフトウェア・ソフトウェアサービス,○
PBR,PETROLEO BRASILEIRO S.A. - ADR,ブラジル石油公社,NYSE,石油・ガス・パイプライン,○
PCAR,PACCAR INC,パッカー,NASDAQ,自動車・自動車関連,○
PCG,PG&E CORPORATION,ＰＧ＆Ｅ,NYSE,電機・電力・エネルギー,○
PDCO,PATTERSON COS INC,パターソン・カンパニーズ,NASDAQ,医療機器,○
PDLI,"PDL BIOPHARMA, INC.",ＰＤＬバイオファーマ,NASDAQ,バイオ,○
PE,"PARSLEY ENERGY, INC. CL-A",パースリー・エナジー　クラスＡ,NYSE,石油・ガス・パイプライン,○
PEG,PUBLIC SERVICE ENTERPRISE GROUP INCORPORATED,パブリック・サービス・エンタープライズ・グループ,NYSE,電機・電力・エネルギー,○
PEIX,"PACIFIC ETHANOL, INC.",パシフィック・エタノール,NASDAQ,化学,○
PEK,VanEck Vectors ChinaAMC　A-SHARE　ETF,ヴァンエック・ベクトル中国A株ETF,NYSE Arca,その他,○
PENN,PENN NATIONAL GAMING INC,ペン・ナショナル・ゲーミング,NASDAQ,エンターテイメント・メディア,○
PEP,"PEPSICO, INC.",ペプシコ,NASDAQ,食品・飲料,○
PF,PINNACLE FOODS INC,ピナクル・フーズ,NYSE,食品・飲料,○
PFE,PFIZER INC.,ファイザー,NYSE,医薬品,○
PFF,iShares U.S. Preferred Stock ETF,iシェアーズ 米国優先株式 ETF,NASDAQ,その他,○
PFG,"PRINCIPAL FINANCIAL GROUP, INC.",プリンシパル・ファイナンシャル・グループ,NASDAQ,金融（保険）,○
PFGC,PERFORMANCE FOOD GROUP CO ,パフォーマンス・フード・グループ,NYSE,小売,○
PFPT,PROOFPOINT INC,プルーフポイント,NASDAQ,ソフトウェア・ソフトウェアサービス,○
PG,THE PROCTER & GAMBLE COMPANY,プロクター・アンド・ギャンブル,NYSE,トイレタリー・ヘルスケア,○
PGR,THE PROGRESSIVE CORPORATION,プログレッシブ,NYSE,金融（保険）,○
PH,PARKER-HANNIFIN CORPORATION,パーカー・ハネフィン,NYSE,その他製造,○
PHG,ROYAL PHILIPS,ロイヤルフィリップス,NYSE,電機・電力・エネルギー,○
PHM,"PULTEGROUP, INC.",プルトグループ,NYSE,その他製造,○
PII,POLARIS INDUSTRIES INC,ポラリス・インダストリーズ,NYSE,自動車・自動車関連,○
PIO,Invesco Global Water ETF,インベスコ・グローバル・ウォーター・ポートフォリオ,NASDAQ,その他,○
PIR,PIER 1 IMPORTS INC,ピア・ワン・インポーツ,NYSE,小売,○
PKG,PACKAGING CORPORATION OF AMERICA,パッケージング・コーポレーション・オブ・アメリカ,NYSE,その他製造,○
PKI,"PERKINELMER, INC.",パーキンエルマー,NYSE,その他製造,○
PKX,POSCO-ADR,ポスコ,NYSE,鉄鋼・鉱業,○
PLCE,CHILDREN'S PLACE,チルドレンズ・プレイス,NASDAQ,小売,○
PLUG,PLUG POWER INC.,プラグパワー,NASDAQ,電機・電力・エネルギー,○
PM,PHILIP MORRIS INTERNATIONAL INC.,フィリップ　モリス　インターナショナル,NYSE,食品・飲料,○
PNC,PNC FINANCIAL SE,ＰＮＣファイナンシャルサービシーズ・グループ,NYSE,金融（銀行）,○
PNM,PNM RESOURCES INC,ＰＮＭリソーシーズ,NYSE,電機・電力・エネルギー,○
PNR,PENTAIR PLC,ペンテア,NYSE,その他製造,○
PNW,PINNACLE WEST CAPITAL,ピナクル・ウェスト・キャピタル,NYSE,電機・電力・エネルギー,○
POOL,POOL CORP,プール,NASDAQ,小売,○
POR,PORTLAND GENERAL ELECTRIC CO,ポートランド・ジェネラル・エレクトリック,NYSE,電機・電力・エネルギー,○
POST,POST HOLDINGS,ポストホールディングス,NYSE,サービス,○
PPC,PILGRIM'S PRIDE CORP,ピルグリムズ・プライド,NASDAQ,食品・飲料,○
PPG,PPG INDUSTRIES INC,ＰＰＧインダストリーズ,NYSE,その他製造,○
PPH,VanEck Vectors Pharmaceutical ETF,ヴァンエック・ベクトル・製薬ETF,NASDAQ,その他,○
PPL,PPL CORPORATION,パシフィック・パワー・アンド・ライト,NYSE,電機・電力・エネルギー,○
PRGO,PERRIGO CO,ペリゴ,NYSE,トイレタリー・ヘルスケア,○
PRI,PRIMERICA INC,プリメリカ,NYSE,金融（その他）,○
PRSP,PERSPECTA INC,パースペクタ,NYSE,情報処理サービス,○
PRTA,PROTHENA CORPORATION PLC,プロセナ,NASDAQ,医薬品（バイオテクノロジー）,○
PRU,PRUDENTL FINL,プルデンシャル・ファイナンシャル,NYSE,金融（保険）,○
PSEC,PROSPECT CAPITAL CORP,プロスペクト・キャピタル,NASDAQ,金融（その他）,○
PSMT,PRICESMART INC,プライススマート,NASDAQ,小売,○
PSO,PEARSON PLC-SPONSORED ADR,ピアソン,NYSE,サービス,○
PSTG,"PURE STORAGE, INC.",ピュア・ストレージ,NYSE,ソフトウェア・ソフトウェアサービス,○
PSX,PHILLIPS 66,フィリップス66,NYSE,電機・電力・エネルギー,○
PTC,PTC INC,PTC,NASDAQ,ソフトウェア・ソフトウェアサービス,○
PUMP,PROPETRO HOLDING CORP.,プロペトロ・ホールディング,NYSE,石油・ガス・パイプライン,○
PUMP,PROPETRO HOLDING CORP.,プロペトロ・ホールディング,NYSE,石油・ガス・パイプライン,○
PVH,PVH CORP,ＰＶＨコープ,NYSE,小売,○
PVTL,"PIVOTAL SOFTWARE, INC.",ピボタル・ソフトウェア,NYSE,ソフトウェア・ソフトウェアサービス,○
PWR,QUANTA SERVICES INC,クアンタ・サービシーズ,NYSE,サービス,○
PX,PRAXAIR INC,プラクセアー,NYSE,化学,○
PXD,PIONEER NATURAL RESOURCES COMPANY,パイオニア ナチュラル リソーシーズ,NYSE,石油・ガス・パイプライン,○
PXF,Invesco FTSE RAFI Developed Markets ex-U.S. ETF,インベスコ FTSE RAFI　先進国市場（米国を除く）ポートフォリオ,NYSE Arca,その他,○
PYPL,PAYPAL HOLDINGS INC,ペイパル,NASDAQ,金融（その他）,○
QCOM,QUALCOMM INCORPORATED,クアルコム,NASDAQ,通信関連,○
QEP,QEP RESOURCES INC,QEPリソーシズ,NYSE,石油・ガス・パイプライン,○
QGEN,QIAGEN N.V.,キアゲン,NYSE,バイオ,○
QLYS,QUALYS INC,クォリス,NASDAQ,ネットワーク・ネットワークセキュリティ,○
QQQ,Invesco QQQ Trust,インベスコQQQ 信託シリーズ1,NASDAQ,その他,○
QRTEA,QURATE RETAIL INC,キュレート・リテール・インク,NASDAQ,小売,○
QRVO,QORVO INC,クォルボ,NASDAQ,半導体関連,○
QSR,RESTAURANT BRANDS INTERNATIONAL INC,レストラン・ブランズ・インターナショナル,NYSE,外食・レストラン,○
QTM,QUANTUM CORPORATION,クアンタム,NYSE,コンピュータ関連,○
RACE,FERRARI N.V. ,フェラーリ,NYSE,自動車・自動車関連,○
RAD,RITE AID CORPORATION,ライト・エード,NYSE,小売,○
RBS,ROYAL BANK-S ADR,ロイヤルバンクスコットランドグループ　　　,NYSE,金融（銀行）,○
RCI,ROGERS COMMUNI-B,ロジャース・コミュニケーションズ,NYSE,通信関連,○
RCII,RENT-A-CENTER INC,レントＡセンター,NASDAQ,小売,○
RCL,ROYAL CARIBBEAN CRUISES LTD.,ロイヤル・カリビアン・クルーズ,NYSE,エンターテイメント・メディア,○
RDWR,RADWARE LTD,ラドウェア,NASDAQ,ソフトウェア・ソフトウェアサービス,○
RDY,DR. REDDY'S LABORATORIES LIMITED,ドクター・レディース・ラボラトリーズ,NYSE,医薬品,○
RE,"EVEREST RE GROUP, LTD.",エベレスト・リ・グループ,NYSE,金融（保険）,○
REGN,REGENERON PHARMACEUTICALS,リジェネロン・ファーマシューティカルズ,NASDAQ,バイオ,○
REMX,VanEck Vectors Rare Earth/Strategic Metals ETF,ヴァンエック・ベクトル・レアアース/戦略的金属ETF,NYSE Arca,その他,○
RENN,"RENREN, INC.",レンレン,NYSE,インターネットサービス,○
RF,REGIONS FINANCIAL CORPORATION,リージョンズ・ファイナンシャル,NYSE,金融（銀行）,○
RGLD,ROYAL GOLD INC,ロイヤル・ゴールド,NASDAQ,サービス,○
RGS,REGIS CORP,リージス,NYSE,サービス,○
RHI,ROBERT HALF INTL INC,ロバート・ハーフ・インターナショナル,NYSE,サービス,○
RHT,"RED HAT, INC.",レッドハット,NYSE,ソフトウェア・ソフトウェアサービス,○
RIG,TRANSOCEAN LTD.,トランスオーシャン,NYSE,石油・ガス・パイプライン,○
RIO,RIO TINTO PLC,リオ・ティント,NYSE,鉄鋼・鉱業,○
RJF,RAYMOND JAMES FINANCIAL INC,レイモンド・ジェームズ・ファイナンシャル,NYSE,金融（その他）,○
RL,RALPH LAURE,ラルフローレン,NYSE,その他製造,○
RLY,SPDR SSgA Multi-Asset Real Return ETF ,SPDR SSgA マルチ・アセット・リアル・リターン ETF,NYSE Arca,その他,○
RMBS,RAMBUS INC.,ラムバス,NASDAQ,半導体関連,○
RMD,RESMED INC.,レスメド,NYSE,医療機器,○
RNWK,"REALNETWORKS, INC.",リアルネットワークス,NASDAQ,ソフトウェア・ソフトウェアサービス,○
ROBO,ROBO GLOBAL ROBOTICS AND AUTOMATION INDEX ETF,ROBO Global ロボティクス・アンド・オートメーション・インデックスETF,NYSE Arca,その他,○
ROK,"ROCKWELL AUTOMATION, INC.",ロックウェル　オートメーション,NYSE,その他製造,○
ROKU,ROKU INC,ロク,NASDAQ,エンターテイメント・メディア,○
ROL,ROLLINS INC,ローリンズ,NYSE,サービス,○
ROP,ROPER TECHNOLOGIES INC,ローパー・テクノロジーズ,NYSE,その他製造,○
ROST,ROSS STORES INC,ロス・ストアーズ,NASDAQ,小売,○
RPM,RPM INTERNATIONAL INC,ＲＰＭインターナショナル,NYSE,化学,○
RRC,RANGE RESOURCES CORP,レンジ・リソーシーズ,NYSE,石油・ガス・パイプライン,○
RRR,"RED ROCK RESORTS, INC.",レッド・ロック・リゾーツ,NASDAQ,エンターテイメント・メディア,○
RSG,"REPUBLIC SERVICES, INC.",リパブリック・サービシズ,NYSE,その他製造,○
RSX,VanEck Vectors Russia ETF,ヴァンエック・ベクトル・ロシアETF,NYSE Arca,その他,○
RSXJ,VanEck Vectors Russia Small-Cap ETF,ヴァンエック・ベクトル・ロシア小型株ETF,NYSE Arca,その他,○
RTH,VanEck Vectors Retail ETF,ヴァンエック・ベクトル・小売ETF,NYSE Arca,その他,○
RTN,RAYTHEON COMPANY,レイセオン,NYSE,航空機・宇宙,○
RUSL,DIREXION DAILY RUSSIA BULL 3X SHARES,Direxion デイリー ロシア株 ブル3倍 ETF,NYSE Arca,その他,○
RUSS,DIREXION DAILY RUSSIA BEAR 3X SHARES,Direxion デイリー ロシア株 ベア3倍 ETF,NYSE Arca,その他,○
RWLK,REWALK ROBOTICS LTD,リウォーク・ロボティクス,NASDAQ,医療・医療サービス,○
RWR,SPDR Dow Jones REIT ETF,SPDR ダウ・ジョーンズ REIT ETF,NYSE Arca,その他,○
RWX,SPDR Dow Jones International Real Estate ETF,SPDR ダウ・ジョーンズ・インターナショナル・リアル・エステート ETF,NYSE Arca,その他,○
RXI,iShares Global Consumer Discretionary ETF,iシェアーズ グローバル一般消費財 ETF,NYSE Arca,その他,○
RY,ROYAL BK CANADA,ＲＢＣ　　　　　　　　,NYSE,金融（銀行）,○
S,SPRINT CORP,スプリント　コープ,NYSE,通信関連,○
SAN,BANCO SANTAN-ADR,サンタンデール銀行,NYSE,金融（銀行）,○
SANM,SANMINA CORPORATION,サンミナ,NASDAQ,サービス,○
SAP,SAP CORPORATION,エスエイピー,NYSE,ソフトウェア・ソフトウェアサービス,○
SAVE,SPIRIT AIRLINES INC,スピリット航空,NYSE,航空,○
SBGL,SIBANYE STILLWATER,シバンエ・スティルウォーター,NYSE,鉄鋼・鉱業,○
SBH,SALLY BEAUTY HOLDINGS INC,サリービューティ・ホールディングス,NYSE,小売,○
SBS,CIA SANEAMENTO BASICO DE-ADR,サンパウロ州基礎衛生公社,NYSE,その他,○
SBUX,STARBUCKS CORPORATION,スターバックス,NASDAQ,外食・レストラン,○
SCCO,SOUTHERN COPPER,サザン・コッパー,NYSE,鉄鋼・鉱業,○
SCG,SCANA CORPORATION,スキャナ,NYSE,電機・電力・エネルギー,○
SCHW,THE CHARLES SCHWAB CORPORATION,チャールズ・シュワブ,NYSE,金融（証券）,○
SCI,SERVICE CORP INTERNATIONAL,サービス・コーポレーション・インターナショナル,NYSE,サービス,○
SCIF,VanEck Vectors India Small-Cap Index ETF,ヴァンエック・ベクトル・インド小型株ETF,NYSE Arca,その他,○
SDY,SPDR S&P Dividend ETF,SPDR S&P 米国高配当株式 ETF,NYSE Arca,その他,○
SEAS,"SEAWORLD ENTERTAINMENT, INC",シーワールド・エンタテインメント,NYSE,エンターテイメント・メディア,○
SEIC,SEI INVESTMENTS,ＳＥＩインベストメンツ,NASDAQ,情報処理サービス,○
SEMG,SEMGROUP CORP-CLASS A,セムグループ,NYSE,石油・ガス・パイプライン,○
SGEN,SEATTLE GENETICS INC,シアトル・ジェネティクス,NASDAQ,医薬品,○
SGGB,iPath Series B Bloomberg Sugar Subindex Total Return ETN,iPath シリーズB ブルームバーグ砂糖サブ指数トータルリターンETN,NYSE Arca,その他,○
SHAK,SHAKE SHACK INC.,シェイク・シャック,NYSE,外食・レストラン,○
SHE,SPDR SSGA GENDER DIVERSITY INDEX ETF,SPDR　SSGAジェンダー・ダイバーシティ・インデックスETF,NYSE Arca,その他,○
SHLD,SEARS HOLDINGS,シアーズ・ホールディングズ,NASDAQ,小売,○
SHOP,SHOPIFY INC,ショッピファイ,NYSE,ネットワーク・ネットワークセキュリティ,○
SHPG,SHIRE PLC,シャイア,NASDAQ,医薬品（バイオテクノロジー）,○
SHV,iShares Short Treasury Bond ETF,iシェアーズ 米国短期国債 ETF,NASDAQ,その他,○
SHW,SHERWIN-WILLIAMS CO/THE,シャーウィン・ウィリアムズ,NYSE,その他,○
SHY,iShares 1‐3 Year Treasury Bond ETF,iシェアーズ 米国国債 1-3年 ETF,NASDAQ,その他,○
SID,CIA SIDERURGICA NACL-SP - ADR,コンパニア・シデルルジカ・ナシオナル,NYSE,鉄鋼・鉱業,○
SIFY,SIFY TECHNOLOGIES LIMITED,シフィ・テクノロジーズ,NASDAQ,ネットワーク・ネットワークセキュリティ,○
SINA,SINA CORPORATION,シナ,NASDAQ,インターネットサービス,○
SIRI,SIRIUS XM HOLDINGS INC.,シリウスＸＭホールディングス,NASDAQ,エンターテイメント・メディア,○
SIX,SIX FLAGS ENTERTAINMENT CORP,シックス・フラッグズ・エンターテインメント,NYSE,エンターテイメント・メディア,○
SJM,THE J.M. SMUCKER COMPANY,ＪＭスマッカー,NYSE,食品・飲料,○
SKX,SKECHERS USA INC-CL A,スケッチャーズＵＳＡ,NYSE,小売,○
SLAB,SILICON LABORATORIES INC.,シリコン・ラボラトリーズ,NASDAQ,半導体関連,○
SLB,SCHLUMBERGER LIMITED,シュルンベルジェ,NYSE,石油・ガス・パイプライン,○
SLCA,US SILICA HOLDINGS INC,USシリカ・ホールディングス,NYSE,鉄鋼・鉱業,○
SLM,SLM CORPORATION,ＳＬＭ,NASDAQ,金融（その他）,○
SLV,iShares SILVER TRUST,iシェアーズ シルバー・トラスト,NYSE Arca,その他,○
SLX,VanEck Vectors Steel ETF,ヴァンエック・ベクトル・鉄鋼ETF,NYSE Arca,その他,○
SMAR,SMARTSHEET INC,スマートシート,NYSE,ソフトウェア・ソフトウェアサービス,○
SMH,VanEck Vectors Semiconductor ETF,ヴァンエック・ベクトル・半導体株ETF,NYSE Arca,その他,○
SNA,SNAP-ON INCORPORATED,スナップオン,NYSE,その他製造,○
SNAP,SNAP INC,スナップ,NYSE,ソフトウェア・ソフトウェアサービス,○
SNPS,"SYNOPSYS, INC.",シノプシス,NASDAQ,ソフトウェア・ソフトウェアサービス,○
SNX,SYNNEX CORP,シネックス,NYSE,ソフトウェア・ソフトウェアサービス,○
SO,THE SOUTHERN COMPANY,サザン,NYSE,電機・電力・エネルギー,○
SODA,SODASTREAM INTARNATIONAL LTD.,ソーダストリーム・インターナショナル,NASDAQ,その他製造,○
SOGO,SOGOU INC,ソゴウ,NYSE,ネットワーク・ネットワークセキュリティ,○
SOHU,SOHU.COM INC.,ソーフ・ドット・コム,NASDAQ,インターネットサービス,○
SPEM,SPDR PORTFOLIO EMERGING MARKERT ETF,SPDR ポートフォリオ 新興国株式 ETF,NYSE Arca,その他,○
SPGI,S&P GLOBAL INC,S&P グローバル インク,NYSE,エンターテイメント・メディア,○
SPLK,SPLUNK INC.,スプランク,NASDAQ,ソフトウェア・ソフトウェアサービス,○
SPOT,SPOTIFY TECHNOLOGY S.A.,スポティファイ・テクノロジー,NYSE,エンターテイメント・メディア,○
SPR,SPIRIT AEROSYSTEMS HOLD-CL A,スピリット・エアロシステムズ・ホールディングス,NYSE,航空機・宇宙,○
SPWR,SUNPOWER CORPORATION,サンパワー,NASDAQ,半導体関連,○
SPXL,DIREXION DAILY S&P 500 BULL 3X SHARES,Direxion デイリー S&P 500 ブル3倍 ETF,NYSE Arca,その他,○
SPXS,DIREXION DAILY S&P 500 BEAR 3X SHARES,Direxion デイリー S&P 500 ベア3倍 ETF,NYSE Arca,その他,○
SPY,SPDR S&P 500 ETF TRUST,SPDR S&P 500 ETF,NYSE Arca,その他,○
SQ,"SQUARE, INC.",スクエア,NYSE,情報処理サービス,○
SRE,SEMPRA ENERGY,センプラ・エナジー,NYSE,石油・ガス・パイプライン,○
SRLN,SPDR Blackstone / GSO Senior Loan ETF,SPDR ブラックストーン / GSOシニア・ローンETF,NYSE Arca,その他,○
SRPT,SAREPTA THERAPEUTICS,サレプタ・セラピューティックス,NASDAQ,医薬品（バイオテクノロジー）,○
SSL,SASOL LIMITED,サソル,NYSE,石油・ガス・パイプライン,○
SSRM,SSR Mining Inc,SSR マイニング,NASDAQ,化学,○
SSW,SEASPAN CORP,シースパン・コープ,NYSE,運輸,○
SSYS,STRATASYS LTD.,ストラタシス,NASDAQ,コンピュータ関連,○
ST,SENSATA TECHNOLO,センサータ・テクノロジーズ　,NYSE,その他製造,○
STCN,STEEL CONNECT INK,スチール・コネクト,NASDAQ,インターネットサービス,○
STI,"SUNTRUST BANKS, INC.",サントラスト・バンクス,NYSE,金融（銀行）,○
STLD,"STEEL DYNAMICS, INC.",スチール・ダイナミクス,NASDAQ,その他製造,○
STT,STATE STREET,ステート・ストリート,NYSE,金融（銀行）,○
STX,SEAGATE TECHNOLOGY,シーゲイト・テクノロジー,NASDAQ,コンピュータ関連,○
STZ,CONSTELLATION BRANDS INC-A,コンステレーション・ブランズ,NYSE,食品・飲料,○
SU,SUNCOR ENERGY,サンコア・エナジー,NYSE,石油・ガス・パイプライン,○
SUSA,iShares MSCI USA ESG SELECT SOCIAL INDEX FUND,iシェアーズ MSCI 米国 ESG セレクト ETF,NYSE Arca,その他,○
SWIR,SIERRA WIRELESS INC,シエラ・ワイヤレス,NASDAQ,通信関連,○
SWK,STANLEY BLACK &,スタンレー・ブラック＆デッカー,NYSE,その他製造,○
SWKS,"SKYWORKS SOLUTIONS, INC.",スカイワークス・ソリューションズ,NASDAQ,半導体関連,○
SWN,SOUTHWESTERN ENERGY COMPANY,サウスウエスタン･エナジー ,NYSE,石油・ガス・パイプライン,○
SYF,SYNCHRONY FINANCIAL,シンクロニー・ファイナンシャル,NYSE,金融（カード）,○
SYK,STRYKER CORPORATION,ストライカー,NYSE,医療機器,○
SYMC,SYMANTEC CORPORATION,シマンテック,NASDAQ,インターネットサービス,○
SYY,SYSCO CORP,シスコ,NYSE,食品・飲料,○
T,AT&T INC.,ＡＴ＆Ｔ,NYSE,通信関連,○
TAL,TAL EDUCATIO-ADR,ＴＡＬエデ゛ュケーション,NYSE,サービス,○
TAP,MOLSON COORS BREWING,モルソン・クアーズ,NYSE,食品・飲料,○
TCBI,TEXAS CAPITAL BANCSHARES INC,テキサス・キャピタル・バンクシェアズ,NASDAQ,サービス,○
TCS,CONTAINER STORE GROUP INC,ザ・コンテナ・ストア・グループ,NYSE,小売,○
TD,TORONTO DOM BANK,トロント・ドミニオン銀行　　　　　　　　,NYSE,金融（銀行）,○
TDC,TERADATA CORPORATION,テラデータ,NYSE,情報処理サービス,○
TDG,TRANSDIGM GROUP INC,トランスダイム,NYSE,航空機・宇宙,○
TDW,TIDEWATER INC,タイドウォーター,NYSE,石油・ガス・パイプライン,○
TEAM,ATLASSIAN CORPORATION PLC CL-A,アトラシアン クラスＡ,NASDAQ,ソフトウェア・ソフトウェアサービス,○
TECK,TECK RESOURCES-B,テック・リソーシズ,NYSE,鉄鋼・鉱業,○
TEF,TELEFONICA-ADR,テレフォニカ,NYSE,通信関連,○
TEL,TE CONNECTIVITY,ティー・イー・コネクティビティー,NYSE,その他製造,○
TER,"TERADYNE, INC.",テラダイン,NYSE,半導体関連,○
TEVA,TEVA PHARMACEUTICAL INDUSTRIES LIMITED,テバ・ファーマスーティカル・インダストリーズ,NYSE,医薬品,○
TGI,TRIUMPH GROUP INC,トライアンフ・グループ,NYSE,航空機・宇宙,○
TGNA,TEGNA,テグナ,NYSE,通信関連,○
TGT,TARGET CORPORATION,ターゲット,NYSE,小売,○
THC,TENET HEALTHCARE CORPORATION,テネット・ヘルスケア,NYSE,医療・医療サービス,○
THD,iShares MSCI THAILAND ETF,iシェアーズ MSCI タイ ETF,NYSE Arca,その他,○
THG,HANOVER INSURANCE GROUP INC/,ハノーバー・インシュアランス・グループ,NYSE,金融（保険）,○
THS,"TREEHOUSE FOODS, INC.",ツリーハウス・フーズ,NYSE,食品・飲料,○
TIF,TIFFANY & CO.,ティファニー,NYSE,小売,○
TIP,iShares TIPS Bond ETF,iシェアーズ 米国物価連動国債 ETF,NYSE Arca,その他,○
TIVO,TIVO CORP,ティーヴォ,NASDAQ,ソフトウェア・ソフトウェアサービス,○
TJX,TJX COS INC,ＴＪＸカンパニー,NYSE,小売,○
TLT,iShares 20+ Year Treasury Bond ETF,iシェアーズ 米国国債 20年超 ETF,NASDAQ,その他,○
TMF,DIREXION DAILY 20+ YEAR TREASURY BULL 3X SHARES,Direxion デイリー 20年超米国債 ブル3倍 ETF,NYSE Arca,その他,○
TMK,TORCHMARK CORP,トーチマーク,NYSE,金融（保険）,○
TMO,THERMO FISHER,サーモ・フィッシャー・サイエンティフィック,NYSE,その他製造,○
TMUS,T-MOBILE US INC,T-モバイル・US,NASDAQ,通信関連,○
TMV,DIREXION DAILY 20+ YEAR TREASURY BEAR 3X SHARES ,Direxion デイリー 20年超米国債 ベア3倍 ETF,NYSE Arca,その他,○
TNA,DIREXION DAILY SMALL CAP BULL 3X SHARES ,Direxion デイリー 米国小型株 ブル3倍 ETF,NYSE Arca,その他,○
TOK,iShares MSCI KOKUSAI INDEX ,iシェアーズ MSCI コクサイ　ETF,NYSE Arca,その他,○
TOL,TOLL BROTHERS INC,トール・ブラザーズ,NYSE,サービス,○
TPR,TAPESTRY INC,タペストリー,NYSE,小売,○
TREE,LENDINGTREE INC,レンディングツリー,NASDAQ,サービス,○
TRGP,TARGA RESOURCES CORP,タルガリソース,NYSE,石油・ガス・パイプライン,○
TRI,THOMSON REUTERS PLC,トムソン・ロイター,NYSE,通信関連,○
TRIP,TRIPADVISOR INC.,トリップアドバイザー,NASDAQ,インターネットサービス,○
TRMB,TRIMBLE INC,トリンブル,NASDAQ,インターネットサービス,○
TRMK,TRUSTMARK CORP,トラストマーク,NASDAQ,金融（銀行）,○
TROW,"T. ROWE PRICE GROUP, INC.",Ｔロウ・プライス・グループ,NASDAQ,金融（その他）,○
TRP,TRANSCANADA CORP,トランスカナダ,NYSE,石油・ガス・パイプライン,○
TRQ,TURQUOISE HILL RESOURCES LTD,ターコイズ・ヒル・リソーシス,NYSE,鉄鋼・鉱業,○
TRTN,TRITON INTERNATIONAL LTD BERMUDA,トライトン・インターナショナル・バミューダ,NYSE,その他,○
TRV,"THE TRAVELERS COMPANIES, INC.",トラベラーズ,NYSE,金融（保険）,○
TS,TENARIS-ADR,テナリス,NYSE,鉄鋼・鉱業,○
TSCO,TRACTOR SUPPLY COMPANY,トラクターサプライ,NASDAQ,農業ビジネス,○
TSEM,TOWER SEMICONDUCTOR LTD,タワー・セミコンダクター,NASDAQ,半導体関連,○
TSLA,TESLA INC,テスラ,NASDAQ,自動車・自動車関連,○
TSM,TAIWAN SEMICONDUCTOR MANUFACTURING COMPANY LIMITED,タイワン・セミコンダクター・マニュファクチャリング,NYSE,半導体関連,○
TSN,"TYSON FOODS, INC.",タイソン・フーズ,NYSE,食品・飲料,○
TSS,TOTAL SYSTEM SERVICES INC,トータル・システム・サービス,NYSE,情報処理サービス,○
TTC,TORO CO,トロ,NYSE,その他製造,○
TTEK,TETRA TECH INC,テトラ・テック,NASDAQ,サービス,○
TTM,TATA MOTORS LIMITED,タタ・モーターズ,NYSE,自動車・自動車関連,○
TTWO,TAKE-TWO INTERAC,テイクツー・インタラクティブ・ソフトウエア,NASDAQ,ソフトウェア・ソフトウェアサービス,○
TUP,TUPPERWARE BRANDS CORPORATION,タッパーウェア・ブランズ,NYSE,その他製造,○
TUR,iShares MSCI Turkey Investable Market Index Fund,iシェアーズ MSCI トルコ ETF,NASDAQ,その他,○
TWTR,Twitter,ツイッター,NYSE,インターネットサービス,○
TX,TERNIUM SA-ADR,テルニウム,NYSE,鉄鋼・鉱業,○
TXN,TEXAS INSTRUMENTS INCORPORATED,テキサス・インスツルメンツ,NASDAQ,半導体関連,○
TXRH,TEXAS ROADHOUSE INC,テキサス・ロードハウス,NASDAQ,外食・レストラン,○
TXT,TEXTRON INC,テクストロン,NYSE,複合企業,○
TYL,"TYLER TECHNOLOGIES, INC.",タイラー・テクノロジーズ,NYSE,ソフトウェア・ソフトウェアサービス,○
TZA,DIREXION DAILY SMALL CAP BEAR 3X SHARES,Direxion デイリー 米国小型株 ベア3倍 ETF,NYSE Arca,その他,○
UA,UNDER ARMOUR INC-CLASS C,アンダー・アーマー　クラスC,NYSE,その他,○
UAA,UNDER ARMOUR INC,アンダー・アーマー,NYSE,その他,○
UAL,UNITED CONTINENTAL HOLDINGS,ユナイテッド・コンチネンタル・ホールディングス,NYSE,航空,○
UBNT,UBIQUITI NETWORKS INC,ユビキティ　ネットワークス,NASDAQ,エンターテイメント・メディア,○
UBSI,UNITED BANKSHARES INC,ユナイテッド・バンクシェアーズ,NASDAQ,金融（銀行）,○
UGI,UGI CORPORATION,ＵＧＩ,NYSE,石油・ガス・パイプライン,○
UGP,ULTRAPAR PARTICPAC-SPON ADR,ウルトラパール・パルティシパソエス,NYSE,石油・ガス・パイプライン,○
UHS,"UNIVERSAL HEALTH SERVICES, INC.",ユニバーサル・ヘルス・サービシズ,NYSE,医療・医療サービス,○
UIS,UNISYS CORPORATION,ユニシス,NYSE,ソフトウェア・ソフトウェアサービス,○
UL,UNILEVER PLC,ユニリーバ,NYSE,食品・飲料,○
ULTA,ULTA SALON COSMETICS & FRAGR,ＵＬＴＡ,NASDAQ,小売,○
UMC,UNITED MICROELECTRONICS CORPORATION,ユナイテッド・マイクロエレクトロニクス,NYSE,半導体関連,○
UMPQ,UMPQUA HOLDINGS CORP,アンプクア・ホールディングズ,NASDAQ,金融（銀行）,○
UN,UNILEVER N.V.,ユニリーバ,NYSE,食品・飲料,○
UNFI,UNITED NATURAL FOODS INC,ユナイテッド・ナチュラルフーズ,NASDAQ,食品・飲料,○
UNH,UNITEDHEALTH GROUP INCORPORATED,ユナイテッドヘルス・グループ,NYSE,医療・医療サービス,○
UNM,UNUM GROUP,ユーナム・グループ,NYSE,金融（保険）,○
UNP,UNION PAC CORP,ユニオン・パシフィック,NYSE,運輸,○
UPS,"UNITED PARCEL SERVICE, INC.",ユナイテッド・パーセル・サービス,NYSE,運輸,○
URBN,URBAN OUTFITTERS,アーバン・アウトフィッターズ,NASDAQ,小売,○
URI,UNITED RENTALS INC,ユナイテッド・レンタルズ,NYSE,サービス,○
USB,U.S. BANCORP,ＵＳバンコープ,NYSE,金融（銀行）,○
USCR,US CONCRETE INC,USコンクリート,NASDAQ,その他製造,○
USFD,US FOODS HOLDING CORP.,USフーズ・ホールディング,NYSE,食品・飲料,○
USG,USG CORP,ＵＳＧ,NYSE,その他製造,○
UTSI,"UTSTARCOM, INC.",ユーティースターコム,NASDAQ,通信関連,○
UTX,UNITED TECHNOLOGIES CORPORATION,ユナイテッド・テクノロジーズ,NYSE,複合企業,○
V,VISA INC.,ビザ,NYSE,金融（カード）,○
VAC,MARRIOTT VACATIONS WORLDWIDE,マリオットバケーションズワールドワイド,NYSE,ホテル・モーテル,○
VALE,VALE SA - ADR,ヴァーレ,NYSE,鉄鋼・鉱業,○
VAR,VARIAN MEDICAL SYSTEMS INC.,バリアン・メディカル・システムズ,NYSE,医療機器,○
VAW,VANGUARD MATERIALS ETF,バンガード・米国素材セクターETF,NYSE Arca,その他,○
VB,Vanguard SMALL-CAP ETF,バンガード・スモールキャップETF,NYSE Arca,その他,○
VBK,VANGUARD SMALL-CAP GROWTH ETF,バンガード・米国スモールキャップ・グロースETF,NYSE Arca,その他,○
VBR,VANGUARD SMALL-CAP VALUE ETF,バンガード・米国スモールキャップ・バリューETF,NYSE Arca,その他,○
VCIT,VANGUARD INTERMEDIATE-TERM CORPORATE BOND ETF,バンガード・米国中期社債ETF,NASDAQ,その他,○
VCLT,VANGUARD LONG-TERM CORPORATE BOND ETF ,バンガード・米国長期社債ETF,NASDAQ,その他,○
VCR,VANGUARD CONSUMER DISCRETIONARY ETF,バンガード・米国一般消費財・サービス・セクターETF,NYSE Arca,その他,○
VCSH,VANGUARD SHORT-TERM CORPORATE BOND ETF,バンガード・米国短期社債ETF,NASDAQ,その他,○
VDC,VANGUARD CONSUMER STAPLES ETF,バンガード・米国生活必需品セクターETF,NYSE Arca,その他,○
VDE,VANGUARD ENERGY ETF,バンガード・米国エネルギー・セクターETF,NYSE Arca,その他,○
VEA,VANGUARD FTSE DEVELOPED MARKETS ETF,バンガード・FTSE先進国市場（除く米国）ETF,NYSE Arca,その他,○
VECO,VEECO INSTRUMENT,ビーコインスツルメンツ,NASDAQ,半導体関連,○
VEDL,VEDANTA LIMITED -ADR,ヴェーダーンタ,NYSE,その他製造,○
VEEV,VEEVA SYSTEMS INC. CL-A,ヴィーバ・システムズ　クラスＡ,NYSE,ソフトウェア・ソフトウェアサービス,○
VEON,VEON LTD,ヴェオン,NASDAQ,通信関連,○
VERI,VERITON,ヴェライトン,NASDAQ,ソフトウェア・ソフトウェアサービス,○
VEU,VANGUARD FTSE ALL-WORLD EX-US ETF,バンガード・FTSE・オールワールド(除く米国)ETF,NYSE Arca,その他,○
VFC,VF CORP,ＶＦ,NYSE,その他製造,○
VFH,VANGUARD FINANCIALS ETF,バンガード・米国金融セクターETF,NYSE Arca,その他,○
VGIT,VANGUARD INTERMEDIATE-TERM TREASURY ETF,バンガード・米国中期国債ETF,NASDAQ,その他,○
VGK,Vanguard FTSE Europe ETF,バンガード・FTSE・ヨーロッパETF,NYSE Arca,その他,○
VGLT,VANGUARD LONG-TERM GOVERNMENT TREASURY ETF,バンガード・米国長期国債ET,NASDAQ,その他,○
VGR,VECTOR GROUP LTD,ベクター・グループ,NYSE,その他製造,○
VGSH,VANGUARD SHORT-TERM TREASURY ETF,バンガード・米国短期国債ETF,NASDAQ,その他,○
VGT,VANGUARD INFORMATION TECHNOLOGY ETF,バンガード・米国情報技術セクターETF,NYSE Arca,その他,○
VHT,VANGUARD HEALTH CARE ETF,バンガード・米国ヘルスケア・セクターETF,NYSE Arca,その他,○
VIAB,VIACOM INC CLASS B,バイアコム　クラスB,NASDAQ,エンターテイメント・メディア,○
VIAV,VIAVI SOLUTIONS INC,ビアビ・ソリューションズ,NASDAQ,ネットワーク・ネットワークセキュリティ,○
VIG,Vanguard Dividend Appreciation ETF,バンガード・米国増配株式ETF,NYSE Arca,その他,○
VIOG,VANGUARD S&P SMALL-CAP 600 GROWTH ETF,バンガード・S&Pスモールキャップ600グロースETF,NYSE Arca,その他,○
VIOO,VANGUARD S&P SMALL-CAP 600 ETF,バンガード・S&Pスモールキャップ600 ETF,NYSE Arca,その他,○
VIOV,VANGUARD S&P SMALL-CAP 600 VALUE ETF,バンガード・S&Pスモールキャップ600バリューETF,NYSE Arca,その他,○
VIPS,VIPSHOP HOLDINGS LIMITED ,ビップショップ・ホールディングス,NYSE,小売,○
VIRT,"VIRTU FINANCIAL, INC.",ヴァーチュ・フィナンシャル,NASDAQ,金融（証券）,○
VIS,VANGUARD INDUSTRIALS ETF,バンガード・米国資本財・サービス・セクターETF,NYSE Arca,その他,○
VJET,VOXELJET AG,ウ゛ォクセルジェット,NYSE,コンピュータ関連,○
VLO,VALERO ENERGY CORP,バレロ・エナジー,NYSE,石油・ガス・パイプライン,○
VMBS,VANGUARD MORTGAGE-BACKED SECURITIES ETF,バンガード・米国モーゲージ担保証券ETF,NASDAQ,その他,○
VMC,VULCAN MATERIALS CO,ヴァルカン・マテリアルズ,NYSE,その他製造,○
VMW,"VMWARE, INC.",ＶＭウエア,NYSE,ソフトウェア・ソフトウェアサービス,○
VNCE,VINCE HOLDING CORP,ヴィンス,NYSE,その他,○
VNM,VanEck Vectors Vietnam ETF,ヴァンエック・ベクトル・ベトナムETF,NYSE Arca,その他,○
VO,VANGUARD MID-CAP ETF,バンガード・米国ミッドキャップETF,NYSE Arca,その他,○
VOD,VODAFONE GROUP PUBLIC LIMITED COMPANY,ボーダフォン・グループ,NASDAQ,通信関連,○
VOE,VANGUARD MID-CAP VALUE ETF,バンガード・米国ミッドキャップ・バリューETF,NYSE Arca,その他,○
VONE,VANGUARD RUSSELL 1000 ETF,バンガード・ラッセル1000 ETF,NASDAQ,その他,○
VONG,VANGUARD RUSSELL 1000 GROWTH ETF,バンガード・ラッセル1000グロース株ETF,NASDAQ,その他,○
VONV,VANGUARD RUSSELL 1000 VALUE ETF,バンガード・ラッセル1000バリュー株ETF,NASDAQ,その他,○
VOO,Vanguard S&P 500 ETF ,バンガード・S&P 500 ETF,NYSE Arca,その他,○
VOOG,VANGUARD S&P 500 GROWTH ETF,バンガード・S&P500グロースETF,NYSE Arca,その他,○
VOOV,VANGUARD S&P 500 VALUE ETF,バンガード・S&P500バリューETF,NYSE Arca,その他,○
VOT,VANGUARD MID-CAP GROWTH ETF,バンガード・米国ミッドキャップ・グロースETF,NYSE Arca,その他,○
VOX,VANGUARD COMMUNICATION SERVICES ETF,バンガード・米国通信サービス・セクターETF,NYSE Arca,その他,○
VOYA,"VOYA FINANCIAL, INC.",ボヤ・ファイナンシャル,NYSE,金融（保険）,○
VPL,Vanguard FTSE Pacific ETF,バンガード・FTSE・パシフィックETF,NYSE Arca,その他,○
VPU,VANGUARD UTILITIES ETF,バンガード・米国公益事業セクターETF,NYSE Arca,その他,○
VREX,Varex Imaging Corporation,バレックス・イメージング,NASDAQ,その他製造,○
VRSK,VERISK ANALYTICS INC-CLASS A,ベリスク・アナリティックス,NASDAQ,金融（保険）,○
VRSN,"VERISIGN, INC.",ベリサイン,NASDAQ,ネットワーク・ネットワークセキュリティ,○
VRTV,VERITIV CORP,ベリティブ,NYSE,その他製造,○
VRTX,VERTEX PHARMACEUTICALS INCORPORATED,バーテックス・ファーマシューティカルズ,NASDAQ,医薬品,○
VRX,VALEANT PHARMACEUTICALS INTE,ﾊﾞﾘｱﾝﾄ･ﾌｧｰﾏｼｭｰﾃｨｶﾙｽﾞIntl,NYSE,医薬品,○
VSH,VISHAY INTERTECH,ビシェイ・インターテクノロジー,NYSE,半導体関連,○
VSI,VITAMIN SHOPPE INC,ビタミンショップ,NYSE,小売,○
VSM,Versum Materials Inc,バーサム・マテリアルズ,NYSE,その他製造,○
VSS,Vanguard FTSE ALL-WORLD ex-US SMALL-CAP ETF,バンガード・FTSE・オールワールド（除く米国）スモールキャップETF,NYSE Arca,その他,○
VST,VISTRA ENERGY CORP.,ビストラ・エナジー,NYSE,電機・電力・エネルギー,○
VT,Vanguard TOTAL WORLD STOCK ETF,バンガード・トータル・ワールド・ストックETF,NYSE Arca,その他,○
VTHR,VANGUARD RUSSELL 3000 ETF,バンガード・ラッセル3000 ETF,NASDAQ,その他,○
VTI,Vanguard TOTAL STOCK MKT ETF,バンガード・トータル・ストック・マーケットETF,NYSE Arca,その他,○
VTIP,VANGUARD SHORT-TERM INFLATION-PROTECTED SECURITIES ETF,バンガード・米国短期インフレ連動債ETF,NASDAQ,その他,○
VTV,VANGUARD VALUE ETF ,バンガード・米国バリューETF,NYSE Arca,その他,○
VTWG,VANGUARD RUSSELL 2000 GROWTH ETF,バンガード・ラッセル2000グロース株ETF,NASDAQ,その他,○
VTWO,VANGUARD RUSSELL 2000 ETF,バンガード・ラッセル2000 ETF,NASDAQ,その他,○
VTWV,VANGUARD RUSSELL 2000 VALUE ETF,バンガード・ラッセル2000バリュー株ETF,NASDAQ,その他,○
VUG,VANGUARD GROWTH ETF ,バンガード・米国グロースETF,NYSE Arca,その他,○
VV,VANGUARD LARGE-CAP ETF,バンガード・米国ラージキャップETF,NYSE Arca,その他,○
VVC,VECTREN CORPORATION,ベクトレン,NYSE,電機・電力・エネルギー,○
VVUS,"VIVUS, INC.",ヴィーヴァス,NASDAQ,医薬品,○
VVV,VALVOLINE INC,バルボリン,NYSE,その他製造,○
VWO,Vanguard FTSE Emerging Markets ETF,バンガード・FTSE・エマージング・マーケッツETF,NYSE Arca,その他,○
VWOB,Vanguard Emerging Markets Government Bond ETF ,バンガード・米ドル建て新興国政府債券ETF,NASDAQ,その他,○
VXF,VANGUARD EXTENDED MARKET ETF,バンガード・米国エクステンデッド・マーケットETF,NYSE Arca,その他,○
VXUS,VANGUARD TOTAL INTERNATIONAL STOCK ETF,バンガード・トータル・インターナショナル・ストック(除く米国)ETF,NASDAQ,その他,○
VYM,Vanguard High Dividend Yield ETF,バンガード・米国高配当株式ETF,NYSE Arca,その他,○
VZ,VERIZON COMMUNICATIONS INC.,ベライゾン・コミュニケーションズ,NYSE,通信関連,○
WAB,WABTEC CORP,ワブテック,NYSE,その他製造,○
WAFD,WASHINGTON FEDERAL INC,ワシントン・フェデラル,NASDAQ,金融（銀行）,○
WAT,WATERS CORPORATION,ウォーターズ,NYSE,化学,○
WB,WEIBO CORP,ウェイボー,NASDAQ,コンピュータ関連,○
WBA,WALGREEN BOOTS ALLIANCE INC,ウォルグリーン・ブーツ・アライアンス,NASDAQ,小売,○
WBS,WEBSTER FINANCIAL CORP,ウェブスター・ファイナンシャル,NYSE,金融（銀行）,○
WCC,WESCO INTERNATIONAL INC,ウェスコ・インターナショナル,NYSE,小売,○
WDAY,WORKDAY INC,ワークデイ,NASDAQ,ソフトウェア・ソフトウェアサービス,○
WDC,WESTERN DIGITAL CORPORATION,ウエスタンデジタル,NASDAQ,コンピュータ関連,○
WEC,WEC ENERGY GROUP INC,WECエナジー,NYSE,電機・電力・エネルギー,○
WEX,WEX INC,WEX INC,NYSE,情報処理サービス,○
WFC,WELLS FARGO & COMPANY,ウェルズ・ファーゴ,NYSE,金融（銀行）,○
WFT,WEATHERFORD INTERNATIONAL PLC,ウェザーフォード・インターナショナル,NYSE,石油・ガス・パイプライン,○
WGL,WGL HOLDINGS INC,ＷＧＬホールディングズ,NYSE,電機・電力・エネルギー,○
WH,WYNDHAM HOTELS & RESORTS INC,ウィンダム・ホテルズ・アンド・リゾーツ,NYSE,ホテル・モーテル,○
WHR,WHIRLPOOL CORPORATION,ワールプール,NYSE,その他製造,○
WING,WINGSTOP INC.,ウイング・ストップ ,NASDAQ,外食・レストラン,○
WIT,WIPRO LIMITED,ウィプロ,NYSE,ソフトウェア・ソフトウェアサービス,○
WIX,WIX.COM LTD,Wix.com,NASDAQ,ソフトウェア・ソフトウェアサービス,○
WLL,WHITING PETROLEUM CORPORATION,ホワイティング・ペトロレウム,NYSE,石油・ガス・パイプライン,○
WLTW,WILLIS TOWERS WATSON PLC,ウィリス・タワーズ・ワトソン,NASDAQ,金融（保険）,○
WM,"WASTE MANAGEMENT, INC.",ウェイスト・マネジメント,NYSE,医療・医療サービス,○
WMB,WILLIAMS COS INC,ウィリアムズ・カンパニーズ,NYSE,石油・ガス・パイプライン,○
WMT,WALMART INC.,ウォルマート,NYSE,小売,○
WNS,WNS (HOLDINGS) LIMITED,ＷＮＳホールディングス,NYSE,情報処理サービス,○
WOOD,iShares Global Timber & Forestry ETF,iシェアーズ グローバル・ティンバー＆フォレストリー ETF,NASDAQ,その他,○
WP,"WORLDPAY, INC.",ワールドペイ,NYSE,金融（その他）,○
WPM,WHEATON PRECIOUS METALS,ウィートン・プレシャス・メタルズ,NYSE,鉄鋼・鉱業,○
WPRT,WESTPORT FUEL SYSTEMS INC,ウェストポート・フューエル・システムズ,NASDAQ,その他製造,○
WPX,"WPX ENERGY, INC.",WPXエナジー,NYSE,石油・ガス・パイプライン,○
WRB,WR BERKLEY CORP,Ｗ．Ｒ．バークレー,NYSE,金融（保険）,○
WRK,WESTROCK COMPANY,ウェストロック,NYSE,その他製造,○
WSM,"WILLIAMS-SONOMA, INC.",ウィリアムズ・ソノマ,NYSE,小売,○
WSO,WATSCO INC,ワッコ,NYSE,小売,○
WST,WEST PHARMACEUTICAL SVSC INC,ウエスト ファーマシューティカル サービシズ,NYSE,医療・医療サービス,○
WTFC,WINTRUST FINANCIAL CORP,ウィントラスト・ファイナンシャル,NASDAQ,金融（銀行）,○
WTR,AQUA AMERICA INC,アクアアメリカ,NYSE,サービス,○
WU,THE WESTERN UNION COMPANY,ウエスタン・ユニオン,NYSE,通信関連,○
WUBA,58.COM INC,58.com,NYSE,ソフトウェア・ソフトウェアサービス,○
WWD,WOODWARD INC,ウッドワードガバナー,NASDAQ,その他製造,○
WWE,"WORLD WRESTLING ENTERTAINMENT, INC.",ワールド・レスリング・エンターテイメント,NYSE,エンターテイメント・メディア,○
WYND,WYNDHAM DESTINATIONS,ウィンダム・デスティネーションズ,NYSE,ホテル・モーテル,○
WYNN,"WYNN RESORTS, LIMITED",ウィン・リゾーツ,NASDAQ,ホテル・モーテル,○
X,UNITED STATES STEEL CORPORATION,ＵＳスチール,NYSE,鉄鋼・鉱業,○
XEC,CIMAREX ENERGY CO.,シマレックス・エナジー,NYSE,石油・ガス・パイプライン,○
XEL,XCEL ENERGY INC.,エクセル・エナジー,NASDAQ,電機・電力・エネルギー,○
XL,XL GROUP LTD,XLグループ,NYSE,金融（保険）,○
XLB,MATERIALS SELECT SECTOR SPDR FUND,素材セレクト・セクター SPDR ファンド,NYSE Arca,その他,○
XLE,ENERGY SELECT SECTOR SPDR FUND,エネルギー・セレクト・セクター SPDR ファンド,NYSE Arca,その他,○
XLF,FINANCIAL SELECT SECTOR SPDR FUND,金融セレクト・セクター SPDR ファンド,NYSE Arca,その他,○
XLI,INDUSTRIAL SELECT SECTOR SPDR FUND,資本財セレクト・セクター SPDR ファンド,NYSE Arca,その他,○
XLK,TECHNOLOGY SELECT SECTOR SPDR FUND,テクノロジー・セレクト・セクター SPDR ファンド,NYSE Arca,その他,○
XLNX,"XILINX, INC.",ザイリンクス,NASDAQ,半導体関連,○
XLP,CONSUMER STAPLES SELECT SECTOR SPDR FUND,生活必需品セレクト・セクター SPDR ファンド,NYSE Arca,その他,○
XLRE,REAL ESTATE SELECT SECTOR SPDR FUND,不動産セレクト・セクターSPDRファンド,NYSE Arca,その他,○
XLU,UTILITIES SELECT SECTOR SPDR FUND,公益事業セレクト・セクター SPDR ファンド,NYSE Arca,その他,○
XLV,HEALTH CARE SELECT SECTOR SPDR FUND,ヘルスケア・セレクト・セクター SPDR ファンド,NYSE Arca,その他,○
XLY,CONSUMER DISCRETIONARY SELECT SECTOR SPDR FUND,一般消費財セレクト・セクター SPDR ファンド,NYSE Arca,その他,○
XOG,"EXTRACTION OIL & GAS, INC.",エクストラクション・オイル・ガス,NASDAQ,石油・ガス・パイプライン,○
XOM,EXXON MOBIL CORPORATION,エクソンモービル,NYSE,石油・ガス・パイプライン,○
XONE,THE EXONE COMPANY,エクスワン,NASDAQ,その他製造,○
XRAY,DENTSPLY SIRONA INC.,デンツプライ・シロナ,NASDAQ,トイレタリー・ヘルスケア,○
XRX,XEROX CORPORATION,ゼロックス,NYSE,その他製造,○
XSOE,WISDOMTREE EMERGING MARKETS EX-STATE-OWNED ENTERPRISE FUND,ウィズダムツリー新興国株ニューエコノミーファンド,NYSE,その他,○
XYL,XYLEM INC.,ザイレム,NYSE,その他製造,○
Y,ALLEGHANY CORPORATION,アレゲニー,NYSE,金融（保険）,○
YELP,YELP INC,イェルプ,NYSE,インターネットサービス,○
YGE,YINGLI GREEN ENERGY HOLDING COMPANY LIMITED,イングリグリーンエナジー,NYSE,電機・電力・エネルギー,○
YNDX,Yandex NV,ヤンデックス,NASDAQ,インターネットサービス,○
YTRA,YATRA ONLINE INC,ヤトラ・オンライン,NASDAQ,ソフトウェア・ソフトウェアサービス,○
YUM,YUM! BRANDS INC,ヤム・ブランズ,NYSE,食品・飲料,○
YUMC,Yum China Holdings Inc,ヤム・チャイナ,NYSE,外食・レストラン,○
YY,YY INC. ,ワイワイ,NASDAQ,インターネットサービス,○
YYY,YIELDSHARES HIGH INCOME ETF,イールドシェアーズ・ハイ・インカム・ETF,NYSE Arca,その他,○
Z,ZILLOW GROUP INC　C,ジロー グループ クラスC,NASDAQ,インターネットサービス,○
ZBH,ZIMMER BIOMET HOLDINGS INC,ジンマー・バイオメット・ホールディングス,NYSE,医療機器,○
ZG,ZILLOW GROUP INC A,ジロー グループ クラスA,NASDAQ,インターネットサービス,○
ZION,ZIONS BANCORPORATION,ザイオンズ・バンコープ,NASDAQ,金融（銀行）,○
ZMLP,DIREXION ZACKS MLP HIGH INCOME SHARES,Direxion ザックス MLP 高配当ETF,NYSE Arca,その他,○
ZNGA,ZYNGA INC,ジンガ,NASDAQ,インターネットサービス,○
ZOES,ZOE'S KITCHEN INC,ゾーイズ・キッチン,NYSE,外食・レストラン,○
ZS,"ZSCALER, INC.",ゼットスケーラー,NASDAQ,ネットワーク・ネットワークセキュリティ,○
ZTO,ZTO EXPRESS (CAYMAN) INC.,ZTOエクスプレス（ケイマン）,NYSE,運輸,○
ZTS,ZOETIS INC,ゾエティス,NYSE,医薬品,○
ZUMZ,ZUMIEZ INC,ズミーズ,NASDAQ,小売,○
ZUO,ZUORA INC,ズオラ,NYSE,ソフトウェア・ソフトウェアサービス,○
